--
-- PostgreSQL database dump
--

\restrict BbkUv0AiufAzxY0df0kpNfQhCxsrGBYILmpcgNaCz7ObIhaW0mHkHxpoSLWRcht

-- Dumped from database version 16.10 (Ubuntu 16.10-0ubuntu0.24.04.1)
-- Dumped by pg_dump version 16.10 (Ubuntu 16.10-0ubuntu0.24.04.1)

-- Started on 2025-11-19 07:02:55 -03

SET statement_timeout = 0;
SET lock_timeout = 0;
SET idle_in_transaction_session_timeout = 0;
SET client_encoding = 'UTF8';
SET standard_conforming_strings = on;
SELECT pg_catalog.set_config('search_path', '', false);
SET check_function_bodies = false;
SET xmloption = content;
SET client_min_messages = warning;
SET row_security = off;

--
-- TOC entry 259 (class 1255 OID 16632)
-- Name: actualizar_precio_total(); Type: FUNCTION; Schema: public; Owner: postgres
--

CREATE FUNCTION public.actualizar_precio_total() RETURNS trigger
    LANGUAGE plpgsql
    AS $$
BEGIN
    UPDATE precio_unitario
    SET precio_total = (
        SELECT COALESCE(SUM(precio_total), 0)
        FROM precio_unitario_pm
        WHERE id_material = NEW.id_material
    )
    WHERE id = NEW.id_material;
    RETURN NEW;
END;
$$;


ALTER FUNCTION public.actualizar_precio_total() OWNER TO postgres;

SET default_tablespace = '';

SET default_table_access_method = heap;

--
-- TOC entry 215 (class 1259 OID 16388)
-- Name: muros; Type: TABLE; Schema: public; Owner: postgres
--

CREATE TABLE public.muros (
    id integer NOT NULL,
    elemento text NOT NULL,
    valor numeric(10,2) NOT NULL,
    porcentaje numeric(5,2) NOT NULL
);


ALTER TABLE public.muros OWNER TO postgres;

--
-- TOC entry 216 (class 1259 OID 16395)
-- Name: Muros_id_seq; Type: SEQUENCE; Schema: public; Owner: postgres
--

ALTER TABLE public.muros ALTER COLUMN id ADD GENERATED BY DEFAULT AS IDENTITY (
    SEQUENCE NAME public."Muros_id_seq"
    START WITH 1
    INCREMENT BY 1
    NO MINVALUE
    NO MAXVALUE
    CACHE 1
);


--
-- TOC entry 217 (class 1259 OID 16408)
-- Name: aislante_muro; Type: TABLE; Schema: public; Owner: postgres
--

CREATE TABLE public.aislante_muro (
    id integer NOT NULL,
    elemento text NOT NULL,
    valor numeric(10,2) NOT NULL,
    porcentaje numeric(5,2) NOT NULL
);


ALTER TABLE public.aislante_muro OWNER TO postgres;

--
-- TOC entry 218 (class 1259 OID 16415)
-- Name: aislante_muro_id_seq; Type: SEQUENCE; Schema: public; Owner: postgres
--

ALTER TABLE public.aislante_muro ALTER COLUMN id ADD GENERATED BY DEFAULT AS IDENTITY (
    SEQUENCE NAME public.aislante_muro_id_seq
    START WITH 1
    INCREMENT BY 1
    NO MINVALUE
    NO MAXVALUE
    CACHE 1
);


--
-- TOC entry 221 (class 1259 OID 16430)
-- Name: aislante_techo; Type: TABLE; Schema: public; Owner: postgres
--

CREATE TABLE public.aislante_techo (
    id integer NOT NULL,
    elemento text NOT NULL,
    valor numeric(10,3) NOT NULL,
    porcentaje numeric(5,2) NOT NULL
);


ALTER TABLE public.aislante_techo OWNER TO postgres;

--
-- TOC entry 222 (class 1259 OID 16437)
-- Name: aislante_techo_id_seq; Type: SEQUENCE; Schema: public; Owner: postgres
--

ALTER TABLE public.aislante_techo ALTER COLUMN id ADD GENERATED BY DEFAULT AS IDENTITY (
    SEQUENCE NAME public.aislante_techo_id_seq
    START WITH 1
    INCREMENT BY 1
    NO MINVALUE
    NO MAXVALUE
    CACHE 1
);


--
-- TOC entry 227 (class 1259 OID 16455)
-- Name: artefacto; Type: TABLE; Schema: public; Owner: postgres
--

CREATE TABLE public.artefacto (
    id integer NOT NULL,
    nombre text NOT NULL,
    promedio_diario_pp numeric(5,2) NOT NULL
);


ALTER TABLE public.artefacto OWNER TO postgres;

--
-- TOC entry 230 (class 1259 OID 16468)
-- Name: artefacto_ahorro_precio; Type: TABLE; Schema: public; Owner: postgres
--

CREATE TABLE public.artefacto_ahorro_precio (
    id integer NOT NULL,
    artefacto text NOT NULL,
    medida_ahorro text NOT NULL,
    ahorro_promedio numeric(5,2) NOT NULL,
    ahorro_conservador numeric(6,2) GENERATED ALWAYS AS ((ahorro_promedio * 0.75)) STORED,
    precio_unitario numeric(10,2)
);


ALTER TABLE public.artefacto_ahorro_precio OWNER TO postgres;

--
-- TOC entry 229 (class 1259 OID 16467)
-- Name: artefacto_ahorro_precio_id_seq; Type: SEQUENCE; Schema: public; Owner: postgres
--

ALTER TABLE public.artefacto_ahorro_precio ALTER COLUMN id ADD GENERATED ALWAYS AS IDENTITY (
    SEQUENCE NAME public.artefacto_ahorro_precio_id_seq
    START WITH 1
    INCREMENT BY 1
    NO MINVALUE
    NO MAXVALUE
    CACHE 1
);


--
-- TOC entry 228 (class 1259 OID 16462)
-- Name: artefacto_id_seq; Type: SEQUENCE; Schema: public; Owner: postgres
--

ALTER TABLE public.artefacto ALTER COLUMN id ADD GENERATED BY DEFAULT AS IDENTITY (
    SEQUENCE NAME public.artefacto_id_seq
    START WITH 1
    INCREMENT BY 1
    NO MINVALUE
    NO MAXVALUE
    CACHE 1
);


--
-- TOC entry 258 (class 1259 OID 16828)
-- Name: codigos_recuperacion; Type: TABLE; Schema: public; Owner: postgres
--

CREATE TABLE public.codigos_recuperacion (
    id integer NOT NULL,
    id_usuario integer NOT NULL,
    codigo character varying(6) NOT NULL,
    fecha_creacion timestamp without time zone DEFAULT CURRENT_TIMESTAMP,
    fecha_expiracion timestamp without time zone NOT NULL,
    usado boolean DEFAULT false
);


ALTER TABLE public.codigos_recuperacion OWNER TO postgres;

--
-- TOC entry 257 (class 1259 OID 16827)
-- Name: codigos_recuperacion_id_seq; Type: SEQUENCE; Schema: public; Owner: postgres
--

CREATE SEQUENCE public.codigos_recuperacion_id_seq
    AS integer
    START WITH 1
    INCREMENT BY 1
    NO MINVALUE
    NO MAXVALUE
    CACHE 1;


ALTER SEQUENCE public.codigos_recuperacion_id_seq OWNER TO postgres;

--
-- TOC entry 3688 (class 0 OID 0)
-- Dependencies: 257
-- Name: codigos_recuperacion_id_seq; Type: SEQUENCE OWNED BY; Schema: public; Owner: postgres
--

ALTER SEQUENCE public.codigos_recuperacion_id_seq OWNED BY public.codigos_recuperacion.id;


--
-- TOC entry 248 (class 1259 OID 16636)
-- Name: combustible; Type: TABLE; Schema: public; Owner: postgres
--

CREATE TABLE public.combustible (
    id integer NOT NULL,
    nombre text,
    modelo text,
    potencia_kw numeric,
    eficiencia_cop numeric,
    eficiencia_distribucion numeric,
    precio_unitario numeric,
    unidad_precio text,
    poder_calorifico numeric,
    unidad_poder text,
    precio_kwh numeric,
    valor_kg_co2 numeric
);


ALTER TABLE public.combustible OWNER TO postgres;

--
-- TOC entry 247 (class 1259 OID 16635)
-- Name: combustible_id_seq; Type: SEQUENCE; Schema: public; Owner: postgres
--

CREATE SEQUENCE public.combustible_id_seq
    AS integer
    START WITH 1
    INCREMENT BY 1
    NO MINVALUE
    NO MAXVALUE
    CACHE 1;


ALTER SEQUENCE public.combustible_id_seq OWNER TO postgres;

--
-- TOC entry 3689 (class 0 OID 0)
-- Dependencies: 247
-- Name: combustible_id_seq; Type: SEQUENCE OWNED BY; Schema: public; Owner: postgres
--

ALTER SEQUENCE public.combustible_id_seq OWNED BY public.combustible.id;


--
-- TOC entry 239 (class 1259 OID 16532)
-- Name: comentario; Type: TABLE; Schema: public; Owner: postgres
--

CREATE TABLE public.comentario (
    id integer NOT NULL,
    tipo text NOT NULL,
    descripcion text NOT NULL,
    id_usuario integer NOT NULL,
    fecha date DEFAULT CURRENT_DATE NOT NULL
);


ALTER TABLE public.comentario OWNER TO postgres;

--
-- TOC entry 240 (class 1259 OID 16544)
-- Name: comentario_id_seq; Type: SEQUENCE; Schema: public; Owner: postgres
--

ALTER TABLE public.comentario ALTER COLUMN id ADD GENERATED ALWAYS AS IDENTITY (
    SEQUENCE NAME public.comentario_id_seq
    START WITH 1
    INCREMENT BY 1
    NO MINVALUE
    NO MAXVALUE
    CACHE 1
);


--
-- TOC entry 238 (class 1259 OID 16499)
-- Name: comuna; Type: TABLE; Schema: public; Owner: postgres
--

CREATE TABLE public.comuna (
    id integer NOT NULL,
    nombre text NOT NULL,
    id_region integer NOT NULL
);


ALTER TABLE public.comuna OWNER TO postgres;

--
-- TOC entry 237 (class 1259 OID 16498)
-- Name: comuna_id_seq; Type: SEQUENCE; Schema: public; Owner: postgres
--

ALTER TABLE public.comuna ALTER COLUMN id ADD GENERATED ALWAYS AS IDENTITY (
    SEQUENCE NAME public.comuna_id_seq
    START WITH 1
    INCREMENT BY 1
    NO MINVALUE
    NO MAXVALUE
    CACHE 1
);


--
-- TOC entry 243 (class 1259 OID 16556)
-- Name: evaluacion_agua; Type: TABLE; Schema: public; Owner: postgres
--

CREATE TABLE public.evaluacion_agua (
    id integer NOT NULL,
    precio_agua integer NOT NULL,
    id_usuario integer NOT NULL,
    cantidad_duchas integer NOT NULL,
    cantidad_lavaplatos integer NOT NULL,
    cantidad_lavamanos integer NOT NULL,
    cantidad_wc integer NOT NULL,
    medida_ducha integer,
    medida_lavamanos integer,
    medida_lavaplatos integer,
    medida_wc integer,
    ahorro_m3_mes numeric(20,2),
    ahorro_dinero numeric(20,2),
    inversion integer,
    retorno integer,
    equivalente_tinas numeric(20,2),
    consumo_agua_potable integer NOT NULL,
    servicio_alcantarillado integer,
    fecha_creacion timestamp without time zone DEFAULT CURRENT_TIMESTAMP
);


ALTER TABLE public.evaluacion_agua OWNER TO postgres;

--
-- TOC entry 256 (class 1259 OID 16780)
-- Name: evaluacion_calefaccion; Type: TABLE; Schema: public; Owner: postgres
--

CREATE TABLE public.evaluacion_calefaccion (
    id integer NOT NULL,
    id_usuario integer NOT NULL,
    superficie_1 numeric(20,2) NOT NULL,
    superficie_2 numeric(20,2) DEFAULT 0,
    areaventana1 numeric(20,2) DEFAULT 0,
    areaventana2 numeric(20,2) DEFAULT 0,
    id_combustible integer NOT NULL,
    consumoanual numeric(20,2) NOT NULL,
    id_solucion_muro1 integer,
    id_solucion_muro2 integer,
    id_solucion_techo integer,
    id_solucion_ventana integer,
    eficiencia numeric(20,2) NOT NULL,
    inversion numeric(20,2) NOT NULL,
    ahorroanual numeric(20,2) NOT NULL,
    payback numeric(20,2) NOT NULL,
    reduccionco2 numeric(20,2) NOT NULL,
    fecha_creacion timestamp without time zone DEFAULT CURRENT_TIMESTAMP
);


ALTER TABLE public.evaluacion_calefaccion OWNER TO postgres;

--
-- TOC entry 255 (class 1259 OID 16779)
-- Name: evaluacion_calefaccion_id_seq; Type: SEQUENCE; Schema: public; Owner: postgres
--

CREATE SEQUENCE public.evaluacion_calefaccion_id_seq
    AS integer
    START WITH 1
    INCREMENT BY 1
    NO MINVALUE
    NO MAXVALUE
    CACHE 1;


ALTER SEQUENCE public.evaluacion_calefaccion_id_seq OWNER TO postgres;

--
-- TOC entry 3690 (class 0 OID 0)
-- Dependencies: 255
-- Name: evaluacion_calefaccion_id_seq; Type: SEQUENCE OWNED BY; Schema: public; Owner: postgres
--

ALTER SEQUENCE public.evaluacion_calefaccion_id_seq OWNED BY public.evaluacion_calefaccion.id;


--
-- TOC entry 249 (class 1259 OID 16670)
-- Name: muro_solucion; Type: TABLE; Schema: public; Owner: postgres
--

CREATE TABLE public.muro_solucion (
    id integer NOT NULL,
    id_aislante_muro integer NOT NULL,
    r_solucion numeric(10,2) NOT NULL,
    id_precio_unitario integer NOT NULL,
    solucion text NOT NULL
);


ALTER TABLE public.muro_solucion OWNER TO postgres;

--
-- TOC entry 250 (class 1259 OID 16685)
-- Name: muro_solucion_id_seq; Type: SEQUENCE; Schema: public; Owner: postgres
--

ALTER TABLE public.muro_solucion ALTER COLUMN id ADD GENERATED ALWAYS AS IDENTITY (
    SEQUENCE NAME public.muro_solucion_id_seq
    START WITH 1
    INCREMENT BY 1
    NO MINVALUE
    NO MAXVALUE
    CACHE 1
);


--
-- TOC entry 244 (class 1259 OID 16612)
-- Name: precio_unitario; Type: TABLE; Schema: public; Owner: postgres
--

CREATE TABLE public.precio_unitario (
    id integer NOT NULL,
    nombre text NOT NULL,
    precio_total numeric(12,2)
);


ALTER TABLE public.precio_unitario OWNER TO postgres;

--
-- TOC entry 246 (class 1259 OID 16620)
-- Name: precio_unitario_pm; Type: TABLE; Schema: public; Owner: postgres
--

CREATE TABLE public.precio_unitario_pm (
    id integer NOT NULL,
    tipo text,
    descripcion text,
    unidad text,
    cantidad numeric(10,3),
    precio_unitario numeric(12,2),
    precio_total numeric(12,2),
    id_material integer
);


ALTER TABLE public.precio_unitario_pm OWNER TO postgres;

--
-- TOC entry 245 (class 1259 OID 16619)
-- Name: precio_unitario_pm_id_seq; Type: SEQUENCE; Schema: public; Owner: postgres
--

ALTER TABLE public.precio_unitario_pm ALTER COLUMN id ADD GENERATED ALWAYS AS IDENTITY (
    SEQUENCE NAME public.precio_unitario_pm_id_seq
    START WITH 1
    INCREMENT BY 1
    NO MINVALUE
    NO MAXVALUE
    CACHE 1
);


--
-- TOC entry 235 (class 1259 OID 16490)
-- Name: region; Type: TABLE; Schema: public; Owner: postgres
--

CREATE TABLE public.region (
    id integer NOT NULL,
    nombre text NOT NULL
);


ALTER TABLE public.region OWNER TO postgres;

--
-- TOC entry 236 (class 1259 OID 16497)
-- Name: region_id_seq; Type: SEQUENCE; Schema: public; Owner: postgres
--

ALTER TABLE public.region ALTER COLUMN id ADD GENERATED BY DEFAULT AS IDENTITY (
    SEQUENCE NAME public.region_id_seq
    START WITH 1
    INCREMENT BY 1
    NO MINVALUE
    NO MAXVALUE
    CACHE 1
);


--
-- TOC entry 226 (class 1259 OID 16447)
-- Name: tabla_valores; Type: TABLE; Schema: public; Owner: postgres
--

CREATE TABLE public.tabla_valores (
    id integer NOT NULL,
    elemento text NOT NULL,
    e_m numeric(5,3),
    rho_kgm3 numeric(7,1),
    lambda_wmk numeric(7,3),
    e_lambda numeric(10,4) GENERATED ALWAYS AS ((e_m / lambda_wmk)) STORED
);


ALTER TABLE public.tabla_valores OWNER TO postgres;

--
-- TOC entry 225 (class 1259 OID 16446)
-- Name: tabla_valores_id_seq; Type: SEQUENCE; Schema: public; Owner: postgres
--

ALTER TABLE public.tabla_valores ALTER COLUMN id ADD GENERATED ALWAYS AS IDENTITY (
    SEQUENCE NAME public.tabla_valores_id_seq
    START WITH 1
    INCREMENT BY 1
    NO MINVALUE
    NO MAXVALUE
    CACHE 1
);


--
-- TOC entry 219 (class 1259 OID 16416)
-- Name: techo; Type: TABLE; Schema: public; Owner: postgres
--

CREATE TABLE public.techo (
    id integer NOT NULL,
    elemento text NOT NULL,
    valor numeric(10,3) NOT NULL,
    porcentaje numeric(5,2) NOT NULL
);


ALTER TABLE public.techo OWNER TO postgres;

--
-- TOC entry 220 (class 1259 OID 16423)
-- Name: techo_id_seq; Type: SEQUENCE; Schema: public; Owner: postgres
--

ALTER TABLE public.techo ALTER COLUMN id ADD GENERATED BY DEFAULT AS IDENTITY (
    SEQUENCE NAME public.techo_id_seq
    START WITH 1
    INCREMENT BY 1
    NO MINVALUE
    NO MAXVALUE
    CACHE 1
);


--
-- TOC entry 251 (class 1259 OID 16688)
-- Name: techo_solucion; Type: TABLE; Schema: public; Owner: postgres
--

CREATE TABLE public.techo_solucion (
    id integer NOT NULL,
    id_aislante_techo integer NOT NULL,
    r_solucion numeric(10,2) NOT NULL,
    id_precio_unitario integer NOT NULL,
    solucion text NOT NULL
);


ALTER TABLE public.techo_solucion OWNER TO postgres;

--
-- TOC entry 252 (class 1259 OID 16705)
-- Name: techo_solucion_id_seq; Type: SEQUENCE; Schema: public; Owner: postgres
--

ALTER TABLE public.techo_solucion ALTER COLUMN id ADD GENERATED ALWAYS AS IDENTITY (
    SEQUENCE NAME public.techo_solucion_id_seq
    START WITH 1
    INCREMENT BY 1
    NO MINVALUE
    NO MAXVALUE
    CACHE 1
);


--
-- TOC entry 231 (class 1259 OID 16476)
-- Name: usuario; Type: TABLE; Schema: public; Owner: postgres
--

CREATE TABLE public.usuario (
    id integer NOT NULL,
    correo text NOT NULL,
    nombre_completo text NOT NULL,
    "contraseña" text NOT NULL,
    tipo_usuario text NOT NULL,
    fecha_registro date NOT NULL
);


ALTER TABLE public.usuario OWNER TO postgres;

--
-- TOC entry 232 (class 1259 OID 16483)
-- Name: usuario_id_seq; Type: SEQUENCE; Schema: public; Owner: postgres
--

ALTER TABLE public.usuario ALTER COLUMN id ADD GENERATED BY DEFAULT AS IDENTITY (
    SEQUENCE NAME public.usuario_id_seq
    START WITH 1
    INCREMENT BY 1
    NO MINVALUE
    NO MAXVALUE
    CACHE 1
);


--
-- TOC entry 241 (class 1259 OID 16545)
-- Name: valoracion; Type: TABLE; Schema: public; Owner: postgres
--

CREATE TABLE public.valoracion (
    id integer NOT NULL,
    valor integer NOT NULL,
    id_usuario integer NOT NULL,
    fecha date NOT NULL,
    feedback text NOT NULL
);


ALTER TABLE public.valoracion OWNER TO postgres;

--
-- TOC entry 242 (class 1259 OID 16550)
-- Name: valoracion_id_seq; Type: SEQUENCE; Schema: public; Owner: postgres
--

ALTER TABLE public.valoracion ALTER COLUMN id ADD GENERATED ALWAYS AS IDENTITY (
    SEQUENCE NAME public.valoracion_id_seq
    START WITH 1
    INCREMENT BY 1
    NO MINVALUE
    NO MAXVALUE
    CACHE 1
);


--
-- TOC entry 223 (class 1259 OID 16438)
-- Name: ventana; Type: TABLE; Schema: public; Owner: postgres
--

CREATE TABLE public.ventana (
    id integer NOT NULL,
    elemento text NOT NULL,
    valor numeric(5,2) NOT NULL
);


ALTER TABLE public.ventana OWNER TO postgres;

--
-- TOC entry 224 (class 1259 OID 16445)
-- Name: ventana_id_seq; Type: SEQUENCE; Schema: public; Owner: postgres
--

ALTER TABLE public.ventana ALTER COLUMN id ADD GENERATED BY DEFAULT AS IDENTITY (
    SEQUENCE NAME public.ventana_id_seq
    START WITH 1
    INCREMENT BY 1
    NO MINVALUE
    NO MAXVALUE
    CACHE 1
);


--
-- TOC entry 254 (class 1259 OID 16726)
-- Name: ventana_solucion; Type: TABLE; Schema: public; Owner: postgres
--

CREATE TABLE public.ventana_solucion (
    id integer NOT NULL,
    id_ventana integer NOT NULL,
    id_ventana_solucion integer NOT NULL,
    valor_ventana_solucion numeric(5,2) NOT NULL,
    precio_m2 integer NOT NULL,
    uvidrio numeric(5,1) NOT NULL,
    umarco numeric(5,1) NOT NULL,
    utotal numeric(5,1) GENERATED ALWAYS AS (((uvidrio * 0.9) + (umarco * 0.1))) STORED
);


ALTER TABLE public.ventana_solucion OWNER TO postgres;

--
-- TOC entry 253 (class 1259 OID 16725)
-- Name: ventana_solucion_id_seq; Type: SEQUENCE; Schema: public; Owner: postgres
--

ALTER TABLE public.ventana_solucion ALTER COLUMN id ADD GENERATED ALWAYS AS IDENTITY (
    SEQUENCE NAME public.ventana_solucion_id_seq
    START WITH 1
    INCREMENT BY 1
    NO MINVALUE
    NO MAXVALUE
    CACHE 1
);


--
-- TOC entry 233 (class 1259 OID 16484)
-- Name: vivienda; Type: TABLE; Schema: public; Owner: postgres
--

CREATE TABLE public.vivienda (
    id_vivienda integer NOT NULL,
    id_usuario integer NOT NULL,
    region text,
    superficie_1 numeric(5,2),
    superficie_2 numeric(5,2),
    cantidad_personas integer,
    comuna integer
);


ALTER TABLE public.vivienda OWNER TO postgres;

--
-- TOC entry 234 (class 1259 OID 16489)
-- Name: vivienda_id_vivienda_seq; Type: SEQUENCE; Schema: public; Owner: postgres
--

ALTER TABLE public.vivienda ALTER COLUMN id_vivienda ADD GENERATED BY DEFAULT AS IDENTITY (
    SEQUENCE NAME public.vivienda_id_vivienda_seq
    START WITH 1
    INCREMENT BY 1
    NO MINVALUE
    NO MAXVALUE
    CACHE 1
);


--
-- TOC entry 3409 (class 2604 OID 16831)
-- Name: codigos_recuperacion id; Type: DEFAULT; Schema: public; Owner: postgres
--

ALTER TABLE ONLY public.codigos_recuperacion ALTER COLUMN id SET DEFAULT nextval('public.codigos_recuperacion_id_seq'::regclass);


--
-- TOC entry 3402 (class 2604 OID 16639)
-- Name: combustible id; Type: DEFAULT; Schema: public; Owner: postgres
--

ALTER TABLE ONLY public.combustible ALTER COLUMN id SET DEFAULT nextval('public.combustible_id_seq'::regclass);


--
-- TOC entry 3404 (class 2604 OID 16783)
-- Name: evaluacion_calefaccion id; Type: DEFAULT; Schema: public; Owner: postgres
--

ALTER TABLE ONLY public.evaluacion_calefaccion ALTER COLUMN id SET DEFAULT nextval('public.evaluacion_calefaccion_id_seq'::regclass);


--
-- TOC entry 3641 (class 0 OID 16408)
-- Dependencies: 217
-- Data for Name: aislante_muro; Type: TABLE DATA; Schema: public; Owner: postgres
--

COPY public.aislante_muro (id, elemento, valor, porcentaje) FROM stdin;
1	Sin aislante térmico	0.25	80.00
2	Lana de vidrio o Lana mineral 50mm	1.44	80.00
3	Lana de vidrio o Lana mineral 80mm	1.91	80.00
4	Lana de vidrio o Lana mineral 100mm	1.91	80.00
5	Lana de vidrio o Lana mineral 130mm	1.91	80.00
6	Poliestireno 20mm	0.74	80.00
7	Poliestireno 50mm	1.47	80.00
8	Poliestireno 100mm	1.95	80.00
9	Poliestireno 130mm	1.95	80.00
10	Fibra de Poliester 55mm	1.05	80.00
11	Poliuretano inyectado 20mm	0.82	80.00
12	Sin aislante termico	0.00	0.00
13	Lana de vidrio o Lana mineral 50mm	1.19	0.00
14	Lana de vidrio o Lana mineral 80mm	1.90	0.00
15	Lana de vidrio o Lana mineral 100mm	2.38	0.00
16	Lana de vidrio o Lana mineral 130mm	3.10	0.00
17	Poliestireno 20mm	0.49	0.00
18	Poliestireno 50mm	1.22	0.00
19	Poliestireno 100mm	2.44	0.00
20	Poliestireno 130mm	3.17	0.00
21	Fibra de Poliester 55mm	0.81	0.00
22	Poliuretano inyectado 20mm	0.57	0.00
\.


--
-- TOC entry 3645 (class 0 OID 16430)
-- Dependencies: 221
-- Data for Name: aislante_techo; Type: TABLE DATA; Schema: public; Owner: postgres
--

COPY public.aislante_techo (id, elemento, valor, porcentaje) FROM stdin;
32	Poliuretano inyectado 50mm	1.430	0.00
31	Poliuretano inyectado 20mm	0.570	0.00
30	Fibra de Poliester 150mm	1.470	0.00
29	Fibra de Poliester 110mm	0.610	0.00
28	Fibra de Poliester 55mm	2.250	0.00
27	Poliestireno 150mm	1.660	0.00
26	Poliestireno 130mm	0.850	0.00
25	Poliestireno 100mm	3.700	0.00
24	Poliestireno 50mm	3.210	0.00
23	Poliestireno 20mm	2.480	0.00
22	Lana de vidrio o Lana mineral 150mm	3.140	0.00
21	Lana de vidrio o Lana mineral 130mm	2.420	0.00
20	Lana de vidrio o Lana mineral 100mm	1.950	0.00
19	Lana de vidrio o Lana mineral 80mm	1.710	0.00
18	Lana de vidrio o Lana mineral 50mm	1.230	0.00
17	Sin aislante termico	0.000	0.00
16	Poliuretano inyectado 50mm	1.680	90.00
15	Poliuretano inyectado 20mm	0.820	90.00
14	Fibra de Poliester 150mm	2.290	90.00
13	Fibra de Poliester 110mm	1.870	90.00
12	Fibra de Poliester 55mm	1.050	90.00
11	Poliestireno 150mm	3.750	90.00
10	Poliestireno 130mm	3.420	90.00
9	Poliestireno 100mm	2.690	90.00
8	Poliestireno 50mm	1.470	90.00
7	Poliestireno 20mm	0.740	90.00
6	Lana de vidrio o Lana mineral 150mm	3.660	90.00
5	Lana de vidrio o Lana mineral 130mm	3.350	90.00
4	Lana de vidrio o Lana mineral 100mm	2.630	90.00
3	Lana de vidrio o Lana mineral 80mm	2.160	90.00
2	Lana de vidrio o Lana mineral 50mm	1.440	90.00
1	Sin aislante térmico	0.250	90.00
\.


--
-- TOC entry 3651 (class 0 OID 16455)
-- Dependencies: 227
-- Data for Name: artefacto; Type: TABLE DATA; Schema: public; Owner: postgres
--

COPY public.artefacto (id, nombre, promedio_diario_pp) FROM stdin;
1	Ducha	61.00
2	Lavamanos	11.00
3	WC	60.00
4	Lavaplatos	17.00
5	Lavadora	33.50
6	Tina	0.16
\.


--
-- TOC entry 3654 (class 0 OID 16468)
-- Dependencies: 230
-- Data for Name: artefacto_ahorro_precio; Type: TABLE DATA; Schema: public; Owner: postgres
--

COPY public.artefacto_ahorro_precio (id, artefacto, medida_ahorro, ahorro_promedio, precio_unitario) FROM stdin;
1	Ducha	Reductor volumétrico	45.00	2913.00
2	Ducha	Ducha ecológica	60.00	4091.00
3	Lavamanos	Aireador	45.00	3490.00
4	Lavamanos	Reductor volumétrico	55.00	3490.00
5	WC	Sistema doble descarga	45.00	11990.00
6	WC	Sustitución del estanque por uno de bajo volumen	55.00	34990.00
7	Lavaplatos	Aireador	45.00	3490.00
8	Lavaplatos	Reductor volumétrico	55.00	3490.00
\.


--
-- TOC entry 3682 (class 0 OID 16828)
-- Dependencies: 258
-- Data for Name: codigos_recuperacion; Type: TABLE DATA; Schema: public; Owner: postgres
--

COPY public.codigos_recuperacion (id, id_usuario, codigo, fecha_creacion, fecha_expiracion, usado) FROM stdin;
5	24	170746	2025-11-18 12:46:26.507553	2025-11-18 13:01:26.506	t
1	24	567203	2025-11-18 12:23:18.194254	2025-11-18 12:38:18.192	t
2	24	804467	2025-11-18 12:28:04.667815	2025-11-18 12:43:04.667	t
3	24	876056	2025-11-18 12:29:51.669767	2025-11-18 12:44:51.669	t
4	24	875083	2025-11-18 12:33:51.535726	2025-11-18 12:48:51.535	t
7	24	882108	2025-11-18 13:02:46.172001	2025-11-18 13:17:46.171	t
6	24	626623	2025-11-18 13:00:55.652248	2025-11-18 13:15:55.651	t
8	25	731562	2025-11-19 01:27:45.173498	2025-11-19 01:42:45.172	t
9	25	500871	2025-11-19 01:28:40.736932	2025-11-19 01:43:40.736	t
\.


--
-- TOC entry 3672 (class 0 OID 16636)
-- Dependencies: 248
-- Data for Name: combustible; Type: TABLE DATA; Schema: public; Owner: postgres
--

COPY public.combustible (id, nombre, modelo, potencia_kw, eficiencia_cop, eficiencia_distribucion, precio_unitario, unidad_precio, poder_calorifico, unidad_poder, precio_kwh, valor_kg_co2) FROM stdin;
1	Pellets caldera	\N	28	0.85	0.95	298.3	$/kg	4.9	kWh/kg	75.39	\N
2	Pellet estufa	\N	\N	0.85	1.00	298.3	$/kg	4.9	kWh/kg	71.62	\N
3	Leña caldera	\N	30	0.85	0.95	271.2	$/kg	4.2	kWh/kg	79.96	\N
4	Leña estufa	\N	\N	0.60	1.00	271.2	$/kg	4.2	kWh/kg	107.62	\N
5	Petróleo	\N	70	0.85	0.95	1014.1	$/l	9.93	kWh/l	126.49	0.02143
6	Gas Licuado Propano butano, Caldera convencional	\N	24	0.90	0.95	1975.8	$/kg	14.06	kWh/kg	164.32	0.00968
7	Gas Natural Metano, Caldera de condensación	\N	\N	1.05	0.95	1791	$/m3	8.00	kWh/m3	224.40	0.00882
8	Parafina Tipo laser sin salida de gases	\N	\N	0.90	1.00	1107.4	$/l	10.45	kWh/l	117.75	0.02123
9	Bomba calor BOMBA DE CALOR AEROTERMIA AIRE/AIRE	\N	31	2.41	0.95	247.55	$/kWh	\N	\N	108.12	0.00224
10	Electricidad Radiativas, convectivas	\N	\N	0.99	\N	247.55	$/kWh	\N	\N	250.05	0.00097
\.


--
-- TOC entry 3663 (class 0 OID 16532)
-- Dependencies: 239
-- Data for Name: comentario; Type: TABLE DATA; Schema: public; Owner: postgres
--

COPY public.comentario (id, tipo, descripcion, id_usuario, fecha) FROM stdin;
1	sugerencia	dsdgdsgsdg	5	2025-11-05
2	felicitacion	fdsfsfdsfds dfdsfsd	5	2025-11-05
3	problema	fdsfdsfdssdfsdsdfsfdsfsd	17	2025-11-06
4	problema	uiyhgjggj	5	2025-11-07
5	felicitacion	gsdgdsgsdgsdgsdesf	20	2025-11-07
6	sugerencia	aaaaaa	5	2025-11-18
8	otro	sfewfeweff	5	2025-11-18
9	mejora	fsdfdsfdf	5	2025-11-18
7	problema	asdhashdjhjddh	5	2025-11-18
10	problema	fdsdsfdsf	25	2025-11-19
\.


--
-- TOC entry 3662 (class 0 OID 16499)
-- Dependencies: 238
-- Data for Name: comuna; Type: TABLE DATA; Schema: public; Owner: postgres
--

COPY public.comuna (id, nombre, id_region) FROM stdin;
1	Arica	1
2	Camarones	1
3	Putre	1
4	General Lagos	1
5	Iquique	2
6	Alto Hospicio	2
7	Pozo Almonte	2
8	Camiña	2
9	Colchane	2
10	Huara	2
11	Antofagasta	3
12	Mejillones	3
13	Sierra Gorda	3
14	Taltal	3
15	Copiapó	4
16	Caldera	4
17	Tierra Amarilla	4
18	Chañaral	4
19	Diego de Almagro	4
20	La Serena	5
21	Coquimbo	5
22	Andacollo	5
23	La Higuera	5
24	Paihuano	5
25	Vicuña	5
26	Valparaíso	6
27	Casablanca	6
28	Concón	6
29	Juan Fernández	6
30	Puchuncaví	6
31	Quintero	6
32	Viña del Mar	6
33	Zapallar	6
34	Los Andes	6
35	Calle Larga	6
36	Rinconada	6
37	San Esteban	6
38	La Ligua	6
39	Cabildo	6
40	Papudo	6
41	Petorca	6
43	Santiago	7
44	Cerrillos	7
45	Cerro Navia	7
46	Conchalí	7
47	El Bosque	7
48	Estación Central	7
49	Huechuraba	7
50	Independencia	7
51	La Cisterna	7
52	La Florida	7
53	La Granja	7
54	La Pintana	7
55	La Reina	7
56	Las Condes	7
57	Lo Barnechea	7
58	Lo Espejo	7
59	Lo Prado	7
60	Macul	7
61	Maipú	7
62	Ñuñoa	7
63	Pedro Aguirre Cerda	7
64	Peñalolén	7
65	Providencia	7
66	Pudahuel	7
67	Quilicura	7
68	Quinta Normal	7
69	Recoleta	7
70	Renca	7
71	San Joaquín	7
72	San Miguel	7
73	San Ramón	7
74	Vitacura	7
75	Puente Alto	7
76	San José de Maipo	7
77	Pirque	7
78	Buin	7
79	San Bernardo	7
80	Paine	7
81	Calera de Tango	7
82	Talagante	7
83	Peñaflor	7
84	El Monte	7
85	Isla de Maipo	7
86	Alhué	7
87	Melipilla	7
88	María Pinto	7
89	Curacaví	7
90	San Pedro	7
91	Rancagua	8
92	Codegua	8
93	Coinco	8
94	Coltauco	8
95	Doñihue	8
96	Graneros	8
97	Las Cabras	8
98	Machalí	8
99	Malloa	8
100	Mostazal	8
101	Olivar	8
102	Peumo	8
103	Pichidegua	8
104	Quinta de Tilcoco	8
105	Rengo	8
106	Requínoa	8
107	San Vicente	8
108	La Estrella	8
109	Talca	9
110	Constitución	9
111	Curepto	9
112	Curicó	9
113	Empedrado	9
114	Hualañé	9
115	Licantén	9
116	Linares	9
117	Maule	9
118	Parral	9
119	Pelarco	9
120	Pencahue	9
121	Rauco	9
122	Retiro	9
123	Romeral	9
124	Sagrada Familia	9
125	San Clemente	9
126	San Javier	9
127	Villa Alegre	9
128	Yerbas Buenas	9
129	Chillán	10
130	Chillán Viejo	10
131	El Carmen	10
132	Pemuco	10
133	Pinto	10
134	Quillón	10
135	San Ignacio	10
136	Yungay	10
137	Bulnes	10
138	Cobquecura	10
139	Coelemu	10
140	Ninhue	10
141	Portezuelo	10
142	Quirihue	10
143	Ránquil	10
144	Treguaco	10
145	Concepción	11
146	Coronel	11
147	Chiguayante	11
148	Florida	11
149	Hualpén	11
150	Hualqui	11
151	Lota	11
152	Penco	11
153	San Pedro de la Paz	11
154	Santa Juana	11
155	Talcahuano	11
156	Tomé	11
157	Alto Biobío	11
158	Antuco	11
159	Cabrero	11
160	Lebu	11
161	Los Álamos	11
162	Cañete	11
163	Contulmo	11
164	Curanilahue	11
165	Tirúa	11
166	Temuco	12
167	Carahue	12
168	Cunco	12
169	Curarrehue	12
170	Freire	12
171	Galvarino	12
172	Gorbea	12
173	Lautaro	12
174	Loncoche	12
175	Melipeuco	12
176	Nueva Imperial	12
177	Padre Las Casas	12
178	Perquenco	12
179	Pitrufquén	12
180	Pucón	12
181	Saavedra	12
182	Teodoro Schmidt	12
183	Toltén	12
184	Vilcún	12
185	Villarrica	12
186	Valdivia	13
187	Corral	13
188	Lanco	13
189	Los Lagos	13
190	Máfil	13
191	Mariquina	13
192	Paillaco	13
193	Panguipulli	13
194	Puerto Montt	14
195	Calbuco	14
196	Cochamó	14
197	Fresia	14
198	Frutillar	14
199	Los Muermos	14
200	Llanquihue	14
201	Maullín	14
202	Puerto Varas	14
203	Castro	14
204	Chonchi	14
205	Curaco de Vélez	14
206	Dalcahue	14
207	Puqueldón	14
208	Queilén	14
209	Quellón	14
210	Quemchi	14
211	Quinchao	14
212	Coihaique	15
213	Lago Verde	15
214	Aysén	15
215	Cisnes	15
216	Guaitecas	15
217	Chile Chico	15
218	Río Ibáñez	15
219	Punta Arenas	16
220	Laguna Blanca	16
221	Río Verde	16
222	San Gregorio	16
223	Cabo de Hornos (Ex Navarino)	16
224	Antártica	16
225	Porvenir	16
226	Primavera	16
227	Timaukel	16
\.


--
-- TOC entry 3667 (class 0 OID 16556)
-- Dependencies: 243
-- Data for Name: evaluacion_agua; Type: TABLE DATA; Schema: public; Owner: postgres
--

COPY public.evaluacion_agua (id, precio_agua, id_usuario, cantidad_duchas, cantidad_lavaplatos, cantidad_lavamanos, cantidad_wc, medida_ducha, medida_lavamanos, medida_lavaplatos, medida_wc, ahorro_m3_mes, ahorro_dinero, inversion, retorno, equivalente_tinas, consumo_agua_potable, servicio_alcantarillado, fecha_creacion) FROM stdin;
1	25599	17	2	1	3	3	1	3	7	5	12.57	11753.00	55756	5	2.00	12644	12955	2025-11-10 04:12:05.509592
2	25599	17	2	1	3	3	1	3	8	6	13.43	12563.00	124756	10	2.00	12644	12955	2025-11-10 04:12:05.509592
3	71432	5	1	1	1	1	2	3	\N	\N	9.70	25309.00	7581	0	2.00	5676	65756	2025-11-10 04:12:05.509592
4	71432	5	1	1	1	1	2	3	\N	\N	9.70	25309.00	7581	0	2.00	5676	65756	2025-11-10 04:12:05.509592
5	67658	20	2	1	3	3	1	3	8	6	13.43	33203.00	124756	4	2.00	35235	32423	2025-11-10 04:12:05.509592
6	38648	5	1	1	1	1	1	4	7	6	13.37	18871.00	44883	2	2.00	4324	34324	2025-11-10 04:12:05.509592
7	25599	5	2	1	3	3	1	3	7	5	-12.57	-11753.00	55756	0	-2.00	12644	12955	2025-11-18 05:26:15.773
8	323625	5	1	1	1	1	1	3	7	5	-12.57	-148579.00	21883	0	2.00	2313	321312	2025-11-18 05:36:23.769815
9	668666	5	1	1	1	1	1	3	7	5	-12.57	-306991.00	21883	0	2.00	234423	434243	2025-11-18 05:57:31.63145
10	26426	21	1	1	1	1	1	4	7	6	-2.67	-12903.00	44883	3	0.00	23213	3213	2025-11-18 07:49:19.145228
11	155344	5	2	1	1	1	1	3	8	6	-13.43	-76236.00	47796	1	2.00	123212	32132	2025-11-18 08:09:59.274856
12	246255	24	1	1	1	1	1	3	7	5	-5.03	-113058.00	21883	0	1.00	223132	23123	2025-11-18 13:05:58.411461
13	5543	24	1	1	1	1	2	4	8	6	-5.83	-2954.00	46061	16	1.00	2312	3231	2025-11-18 13:06:09.715415
14	35858	25	1	1	1	1	1	3	7	5	-12.57	-16463.00	21883	1	2.00	32434	3424	2025-11-19 01:48:52.830522
15	798065	25	1	1	1	1	2	4	8	6	-14.59	-425270.00	46061	0	2.00	765643	32422	2025-11-19 01:49:06.612659
\.


--
-- TOC entry 3680 (class 0 OID 16780)
-- Dependencies: 256
-- Data for Name: evaluacion_calefaccion; Type: TABLE DATA; Schema: public; Owner: postgres
--

COPY public.evaluacion_calefaccion (id, id_usuario, superficie_1, superficie_2, areaventana1, areaventana2, id_combustible, consumoanual, id_solucion_muro1, id_solucion_muro2, id_solucion_techo, id_solucion_ventana, eficiencia, inversion, ahorroanual, payback, reduccionco2, fecha_creacion) FROM stdin;
1	5	43.00	20.00	23.00	32.00	10	66565.00	32	32	1	4	4.23	4298201.90	540.02	7959.28	238958.39	2025-11-10 02:43:44.013583
2	5	43.00	20.00	12.00	21.00	10	421421.00	70	49	20	2	26.75	2175384.20	14386.32	151.21	1585473.92	2025-11-10 03:29:52.16872
3	21	50.00	0.00	13.00	0.00	7	31232.00	23	\N	16	2	2.78	1332814.39	687.55	1938.49	118761.18	2025-11-18 07:12:07.830966
4	21	50.00	0.00	24.00	0.00	7	32432432.00	12	\N	4	\N	2890.59	456552.08	595243.23	0.77	116150778.71	2025-11-18 07:49:00.425762
5	21	50.00	30.00	21.00	32.00	6	212312.00	32	48	7	5	16.15	4802865.33	6645.10	722.77	802419.93	2025-11-18 07:56:21.424338
6	5	43.00	20.00	22.00	31.00	6	2412323.00	2	22	20	5	233.03	4204529.53	490785.72	8.57	9173514.05	2025-11-18 08:09:33.676662
7	24	35.00	0.00	23.00	0.00	7	243242.00	33	\N	37	5	30.97	1996918.73	3646.31	547.65	924997.15	2025-11-18 13:05:06.755775
8	24	35.00	0.00	50.00	0.00	6	2132132.00	85	\N	40	4	370.73	4134530.47	20812.92	198.65	7903387.35	2025-11-18 13:05:43.384994
9	25	100.00	90.00	34.00	24.00	7	352533.00	13	70	18	4	8.27	8330870.70	3575.77	2329.81	1354624.76	2025-11-19 01:49:53.262754
10	25	100.00	90.00	45.00	44.00	7	542000.00	35	84	35	5	12.71	12627185.88	7584.17	1664.94	2053293.26	2025-11-19 05:33:02.367693
\.


--
-- TOC entry 3673 (class 0 OID 16670)
-- Dependencies: 249
-- Data for Name: muro_solucion; Type: TABLE DATA; Schema: public; Owner: postgres
--

COPY public.muro_solucion (id, id_aislante_muro, r_solucion, id_precio_unitario, solucion) FROM stdin;
1	1	1.19	14	Lana mineral o Poliestireno 50mm
2	1	1.43	17	Poliuretano inyectado 50mm
3	1	1.67	16	Lana mineral o Poliestireno 70mm
4	1	2.38	21	Lana mineral o Poliestireno 100mm
5	1	3.57	24	Lana mineral o Poliestireno 150mm
6	12	1.19	14	Lana mineral o Poliestireno 50mm
7	12	1.43	17	Poliuretano inyectado 50mm
8	12	1.67	16	Lana mineral o Poliestireno 70mm
9	12	2.38	21	Lana mineral o Poliestireno 100mm
10	12	3.57	24	Lana mineral o Poliestireno 150mm
11	2	0.57	12	Poliuretano inyectado 20mm
12	2	1.19	14	Aumento Lana mineral o Poliestireno 50mm
13	2	1.62	18	Fibra de poliester 110 mm
14	2	1.67	16	Aumento Lana mineral o Poliestireno 70 mm
15	2	2.38	21	Aumento Lana mineral o Poliestireno 100 mm
16	13	0.57	12	Poliuretano inyectado 20mm
17	13	1.19	14	Aumento Lana mineral o Poliestireno 50mm
18	13	1.62	18	Fibra de poliester 110 mm
19	13	1.67	16	Aumento Lana mineral o Poliestireno 70 mm
20	13	2.38	21	Aumento Lana mineral o Poliestireno 100 mm
21	3	0.57	12	Poliuretano inyectado 20mm
22	3	1.19	14	Aumento Lana mineral o Poliestireno 50mm
23	3	1.43	17	Poliuretano inyectado 50 mm
24	3	1.71	16	Aumento Lana mineral o Poliestireno 70 mm
25	3	1.90	19	Aumento Lana mineral o Poliestireno 80 mm
26	14	0.57	12	Poliuretano inyectado 20mm
27	14	1.19	14	Aumento Lana mineral o Poliestireno 50mm
28	14	1.43	17	Poliuretano inyectado 50 mm
29	14	1.71	16	Aumento Lana mineral o Poliestireno 70 mm
30	14	1.90	19	Aumento Lana mineral o Poliestireno 80 mm
31	4	0.49	11	Poliestireno 20 mm
32	4	0.57	12	Poliuretano inyectado 20mm
33	4	0.81	13	Fibra de poliester 55mm
34	4	1.19	14	Aumento Lana mineral o Poliestireno 50 mm
35	4	1.43	17	Poliuretano inyectado 50 mm
36	15	0.49	11	Poliestireno 20 mm
37	15	0.57	12	Poliuretano inyectado 20mm
38	15	0.81	13	Fibra de poliester 55mm
39	15	1.19	14	Aumento Lana mineral o Poliestireno 50 mm
40	15	1.43	17	Poliuretano inyectado 50 mm
41	5	0.49	11	Poliestireno 20 mm
42	5	0.57	12	Poliuretano inyectado 20mm
43	5	1.19	14	Aumento Lana mineral o Poliestireno 50 mm
44	16	0.49	11	Poliestireno 20 mm
45	16	0.57	12	Poliuretano inyectado 20mm
46	16	1.19	14	Aumento Lana mineral o Poliestireno 50 mm
47	6	1.19	14	Aumento Lana mineral o Poliestireno 50mm
48	6	1.71	16	Aumento Lana mineral o Poliestireno 70 mm
49	6	1.62	18	Fibra de poliester 110 mm
50	6	2.38	21	Lana mineral o Poliestireno 100 mm
51	6	3.10	22	Lana mineral o Poliestireno 130 mm
52	17	1.19	14	Aumento Lana mineral o Poliestireno 50mm
53	17	1.71	16	Aumento Lana mineral o Poliestireno 70 mm
54	17	1.62	18	Fibra de poliester 110 mm
55	17	2.38	21	Lana mineral o Poliestireno 100 mm
56	17	3.10	22	Lana mineral o Poliestireno 130 mm
57	7	1.19	14	Aumento Lana mineral o Poliestireno 50mm
58	7	1.71	16	Aumento Lana mineral o Poliestireno 70 mm
59	7	1.62	18	Fibra de poliester 110 mm
60	7	2.38	21	Aumento Lana mineral o Poliestireno 100 mm
61	7	0.57	12	Poliuretano inyectado 20mm
62	18	1.19	14	Aumento Lana mineral o Poliestireno 50mm
63	18	1.71	16	Aumento Lana mineral o Poliestireno 70 mm
64	18	1.62	18	Fibra de poliester 110 mm
65	18	2.38	21	Aumento Lana mineral o Poliestireno 100 mm
66	18	0.57	12	Poliuretano inyectado 20mm
67	8	1.19	14	Aumento Lana mineral o Poliestireno 50mm
68	8	1.43	17	Poliuretano inyectado 50mm
69	8	1.62	18	Fibra de poliester 110 mm
70	8	0.57	12	Poliuretano inyectado 20mm
71	19	1.19	14	Aumento Lana mineral o Poliestireno 50mm
72	19	1.43	17	Poliuretano inyectado 50mm
73	19	1.62	18	Fibra de poliester 110 mm
74	19	0.57	12	Poliuretano inyectado 20mm
75	9	1.19	14	Aumento Lana mineral o Poliestireno 50mm
76	9	0.49	11	Poliestireno 20 mm
77	9	0.57	12	Poliuretano inyectado 20mm
78	20	1.19	14	Aumento Lana mineral o Poliestireno 50mm
79	20	0.49	11	Poliestireno 20 mm
80	20	0.57	12	Poliuretano inyectado 20mm
81	10	1.19	14	Aumento Lana mineral o Poliestireno 50mm
82	10	1.62	18	Fibra de poliester 110 mm
83	10	1.71	16	Aumento Lana mineral o Poliestireno 70 mm
84	10	2.38	21	Aumento Lana mineral o Poliestireno 100 mm
85	10	0.57	12	Poliuretano inyectado 20mm
86	21	1.19	14	Aumento Lana mineral o Poliestireno 50mm
87	21	1.62	18	Fibra de poliester 110 mm
88	21	1.71	16	Aumento Lana mineral o Poliestireno 70 mm
89	21	2.38	21	Aumento Lana mineral o Poliestireno 100 mm
90	21	0.57	12	Poliuretano inyectado 20mm
91	11	1.19	14	Lana mineral o Poliestireno 50mm
92	11	1.62	18	Fibra de poliester 110 mm
93	11	3.10	22	Lana mineral o Poliestireno 130 mm
94	11	2.38	21	Lana mineral o Poliestireno 100 mm
95	11	0.57	12	Poliuretano inyectado 20mm
96	22	1.19	14	Lana mineral o Poliestireno 50mm
97	22	1.62	18	Fibra de poliester 110 mm
98	22	3.10	22	Lana mineral o Poliestireno 130 mm
99	22	2.38	21	Lana mineral o Poliestireno 100 mm
100	22	0.57	12	Poliuretano inyectado 20mm
\.


--
-- TOC entry 3639 (class 0 OID 16388)
-- Dependencies: 215
-- Data for Name: muros; Type: TABLE DATA; Schema: public; Owner: postgres
--

COPY public.muros (id, elemento, valor, porcentaje) FROM stdin;
1	Estructura de madera	0.76	20.00
2	Estructura metálica	0.09	20.00
3	Ladrillo	0.18	0.00
4	Hormigón celular	0.59	0.00
5	Panel Covintec 10.5cm	1.48	0.00
6	Poliestireno entre placas OSB	1.50	0.00
7	Termopared Hormigón Exacta	1.63	0.00
8	Hormigón	0.12	0.00
\.


--
-- TOC entry 3668 (class 0 OID 16612)
-- Dependencies: 244
-- Data for Name: precio_unitario; Type: TABLE DATA; Schema: public; Owner: postgres
--

COPY public.precio_unitario (id, nombre, precio_total) FROM stdin;
11	Poliestireno expandido 20 mm	1991.00
1	Revestimiento yeso cartón 10mm	3993.00
12	Poliuretano inyectado 20 mm	3218.00
2	Aislante térmico exterior Pe 10mm & terminación de mortero delgado sobre malla fibra de vidrio	11292.00
13	Fibra de poliester 55mm	1798.00
3	Aislante térmico exterior Pe 50mm & terminación de mortero delgado sobre malla fibra de vidrio	12418.00
14	Lana mineral 50 mm	3084.00
4	Aislante térmico interior Pe 10mm & Yeso-carton	6322.00
15	Poliestireno expandido 50 mm	2331.00
5	Aislante térmico interior Pe 30mm & Yeso-carton	7200.00
16	Lana mineral 70 mm	4098.00
6	Estuco térmico ambas caras	14582.00
17	Poliuretano inyectado 50 mm	4128.00
7	Estuco exterior 15mm y revestimiento interior de yeso cartón 10mm	14210.00
18	Fibra de poliester 110 mm	3358.00
8	Revestimiento interior con montantes y yeso cartón 10mm	10575.00
9	Revestimiento interior de fibrocemento 6mm (poliestireno expandido 30mm)	12665.00
10	Poliuretano expandido 30mm y Fibrocemento	13905.00
19	Lana mineral 80 mm	4225.00
20	Fibra de poliester 150 mm	4038.00
21	Lana mineral 100 mm	5748.00
22	Lana mineral 130 mm	7358.00
23	Poliestireno expandido 130 mm	5546.00
24	Lana mineral 150 mm	8348.00
25	Poliestireno expandido 150 mm	6258.00
\.


--
-- TOC entry 3670 (class 0 OID 16620)
-- Dependencies: 246
-- Data for Name: precio_unitario_pm; Type: TABLE DATA; Schema: public; Owner: postgres
--

COPY public.precio_unitario_pm (id, tipo, descripcion, unidad, cantidad, precio_unitario, precio_total, id_material) FROM stdin;
1	MAT	YESOCARTÓN ST 1,20 X 2,4M E=10 MM	UN	0.360	4866.00	1738.00	1
2	MAT	ELEMENTOS DE FIJACIÓN	ML	1.000	1165.00	1165.00	1
3	MO	INSTALACIÓN DE REVESTIMIENTO TABIQUE INTERIOR VOLCANITA	M2	1.000	720.00	720.00	1
4	GG	EQUIPOS Y HERRAMIENTAS	%	1.000	5.00	36.00	1
5	LS	leyes sociales	%	1.000	46.40	334.00	1
6	MAT	POLIESTIRENO EXPANDIDO 10MM	PL	2.000	412.00	824.00	2
7	MAT	MALLA FIBRA DE VIDRIO	M2	1.000	1838.00	1838.00	2
8	MAT	ADHESIVO	TNTA	0.070	28000.00	1867.00	2
9	MAT	REVESTIMIENTO CEMENTICIO	TNTA	0.100	23580.00	2358.00	2
10	MO	MANO DE OBRA	H/D	0.120	25000.00	3000.00	2
11	GG	EQUIPOS Y HERRAMIENTAS	%	1.000	0.43	13.00	2
12	LS	leyes sociales	%	1.000	46.40	1392.00	2
13	MAT	POLIESTIRENO EXPANDIDO 50MM	PL	2.000	975.00	1950.00	3
14	MAT	MALLA FIBRA DE VIDRIO	M2	1.000	1838.00	1838.00	3
15	MAT	ADHESIVO	TNTA	0.070	28000.00	1867.00	3
16	MAT	REVESTIMIENTO CEMENTICIO	TNTA	0.100	23580.00	2358.00	3
17	MO	MANO DE OBRA	H/D	0.120	25000.00	3000.00	3
18	GG	EQUIPOS Y HERRAMIENTAS	%	1.000	0.43	13.00	3
19	LS	leyes sociales	%	1.000	46.40	1392.00	3
20	MAT	YESOCARTÓN ST 1,00 X 2,4M E=10 MM	UN	0.360	4866.00	1738.00	4
21	MAT	POLIESTIRENO EXPANDIDO 10MM	PL	2.000	412.00	824.00	4
22	MAT	ADHESIVO	TNTA	0.070	28000.00	1867.00	4
23	MO	MANO DE OBRA	H/D	0.050	25000.00	1250.00	4
24	GG	EQUIPOS Y HERRAMIENTAS	%	1.000	5.00	63.00	4
25	LS	leyes sociales	%	1.000	46.40	580.00	4
26	MAT	YESOCARTÓN ST 1,00 X 2,4M E=10 MM	UN	0.360	4866.00	1738.00	5
27	MAT	POLIESTIRENO EXPANDIDO 30MM	PL	2.000	880.00	1760.00	5
28	MAT	ADHESIVO	TNTA	0.070	28000.00	1867.00	5
29	MO	MANO DE OBRA	H/D	0.050	25000.00	1250.00	5
30	GG	EQUIPOS Y HERRAMIENTAS	%	1.000	0.43	5.00	5
31	LS	leyes sociales	%	1.000	46.40	580.00	5
32	MAT	ESTUCO TÉRMICO	SCO	1.180	7891.00	9283.00	6
33	MO	MANO DE OBRA	H/D	0.140	25000.00	3500.00	6
34	GG	EQUIPOS Y HERRAMIENTAS	%	1.000	5.00	175.00	6
35	LS	leyes sociales	%	1.000	46.40	1624.00	6
36	MAT	YESOCARTÓN ST 1,00 X 2,4M E=10 MM	UN	0.360	4866.00	1738.00	7
37	MAT	POLIESTIRENO EXPANDIDO 10MM	PL	2.000	412.00	824.00	7
38	MAT	ADHESIVO	TNTA	0.070	28000.00	1867.00	7
39	MAT	ESTUCO TÉRMICO	SCO	0.590	7891.00	4642.00	7
40	MO	MANO DE OBRA	H/D	0.140	25000.00	3500.00	7
41	GG	EQUIPOS Y HERRAMIENTAS	%	1.000	0.43	15.00	7
42	LS	leyes sociales	%	1.000	46.40	1624.00	7
43	MAT	YESOCARTÓN ST 1,00 X 2,4M E=10 MM	UN	0.360	4866.00	1738.00	8
44	MAT	LANA MINERAL 50MM	PL	1.670	1517.00	2533.00	8
45	MAT	ELEMENTOS DE FIJACIÓN	ML	1.000	1165.00	1165.00	8
46	MO	MANO DE OBRA	H/D	0.140	25000.00	3500.00	8
47	GG	EQUIPOS Y HERRAMIENTAS	%	1.000	0.43	15.00	8
48	LS	leyes sociales	%	1.000	46.40	1624.00	8
49	MAT	FIBROCEMENTO 1,2 X2,4M X6MM	PL	0.360	10916.00	3899.00	9
50	MAT	POLIESTIRENO EXPANDIDO 30MM	PL	2.000	880.00	1760.00	9
51	MAT	ADHESIVO	TNTA	0.070	28000.00	1867.00	9
52	MO	MANO DE OBRA	H/D	0.140	25000.00	3500.00	9
53	GG	EQUIPOS Y HERRAMIENTAS	%	1.000	0.43	15.00	9
54	LS	leyes sociales	%	1.000	46.40	1624.00	9
55	MAT	FIBROCEMENTO 1,2 X2,4M X6MM	PL	0.360	10916.00	3899.00	10
56	MAT	INJECCIÓN DE POLIURETANO 40MM	M2	1.000	3000.00	3000.00	10
57	MAT	ADHESIVO	TNTA	0.070	28000.00	1867.00	10
58	MO	MANO DE OBRA	H/D	0.140	25000.00	3500.00	10
59	GG	EQUIPOS Y HERRAMIENTAS	%	1.000	0.43	15.00	10
60	LS	leyes sociales	%	1.000	46.40	1624.00	10
61	MAT	POLIESTIRENO EXPANDIDO 20MM	PL	2.000	720.00	1440.00	11
62	MO	MANO DE OBRA	H/D	0.020	25000.00	375.00	11
63	GG	EQUIPOS Y HERRAMIENTAS	%	1.000	0.43	2.00	11
64	LS	leyes sociales	%	1.000	46.40	174.00	11
65	MAT	INJECCIÓN DE POLIURETANO 20MM	PL	1.000	2300.00	2300.00	12
66	MO	MANO DE OBRA	H/D	0.030	25000.00	625.00	12
67	GG	EQUIPOS Y HERRAMIENTAS	%	1.000	0.43	3.00	12
68	LS	leyes sociales	%	1.000	46.40	290.00	12
69	MAT	AISLANTE POLIESTER 55MM	M2	1.000	1247.00	1247.00	13
70	MO	MANO DE OBRA	H/D	0.020	25000.00	375.00	13
71	GG	EQUIPOS Y HERRAMIENTAS	%	1.000	0.43	2.00	13
72	LS	leyes sociales	%	1.000	46.40	174.00	13
73	MAT	LANA MINERAL 50MM	PL	1.670	1517.00	2533.00	14
74	MO	MANO DE OBRA	H/D	0.020	25000.00	375.00	14
75	GG	EQUIPOS Y HERRAMIENTAS	%	1.000	0.43	2.00	14
76	LS	leyes sociales	%	1.000	46.40	174.00	14
77	MAT	POLIESTIRENO EXPANDIDO 50MM	PL	2.000	890.00	1780.00	15
78	MO	MANO DE OBRA	H/D	0.020	25000.00	375.00	15
79	GG	EQUIPOS Y HERRAMIENTAS	%	1.000	0.43	2.00	15
80	LS	leyes sociales	%	1.000	46.40	174.00	15
81	MAT	LANA MINERAL 70MM	PL	1.670	2124.00	3547.00	16
82	MO	MANO DE OBRA	H/D	0.020	25000.00	375.00	16
83	GG	EQUIPOS Y HERRAMIENTAS	%	1.000	0.43	2.00	16
84	LS	leyes sociales	%	1.000	46.40	174.00	16
85	MAT	INJECCIÓN DE POLIURETANO 50MM	M2	1.000	3210.00	3210.00	17
86	MO	MANO DE OBRA	H/D	0.030	25000.00	625.00	17
87	GG	EQUIPOS Y HERRAMIENTAS	%	1.000	0.43	3.00	17
88	LS	leyes sociales	%	1.000	46.40	290.00	17
89	MAT	AISLANTE PILIESTER 110MM	M2	1.000	2440.00	2440.00	18
90	MO	MANO DE OBRA	H/D	0.030	25000.00	625.00	18
91	GG	EQUIPOS Y HERRAMIENTAS	%	1.000	0.43	3.00	18
92	LS	leyes sociales	%	1.000	46.40	290.00	18
93	MAT	LANA MINERAL 80MM	PL	1.670	1980.00	3307.00	19
94	MO	MANO DE OBRA	H/D	0.030	25000.00	625.00	19
95	GG	EQUIPOS Y HERRAMIENTAS	%	1.000	0.43	3.00	19
96	LS	leyes sociales	%	1.000	46.40	290.00	19
97	MAT	AISLANTE PILIESTER 150MM	M2	1.000	3120.00	3120.00	20
98	MO	MANO DE OBRA	H/D	0.030	25000.00	625.00	20
99	GG	EQUIPOS Y HERRAMIENTAS	%	1.000	0.43	3.00	20
100	LS	leyes sociales	%	1.000	46.40	290.00	20
101	MAT	LANA MINERAL 100MM	PL	1.670	2892.00	4830.00	21
102	MO	MANO DE OBRA	H/D	0.030	25000.00	625.00	21
103	GG	EQUIPOS Y HERRAMIENTAS	%	1.000	0.43	3.00	21
104	LS	leyes sociales	%	1.000	46.40	290.00	21
105	MAT	LANA MINERAL 130MM	PL	1.670	3856.00	6440.00	22
106	MO	MANO DE OBRA	H/D	0.030	25000.00	625.00	22
107	GG	EQUIPOS Y HERRAMIENTAS	%	1.000	0.43	3.00	22
108	LS	leyes sociales	%	1.000	46.40	290.00	22
109	MAT	POLIESTIRENO EXPANDIDO 130MM	PL	2.000	2314.00	4628.00	23
110	MO	MANO DE OBRA	H/D	0.030	25000.00	625.00	23
111	GG	EQUIPOS Y HERRAMIENTAS	%	1.000	0.43	3.00	23
112	LS	leyes sociales	%	1.000	46.40	290.00	23
113	MAT	LANA MINERAL 150MM	PL	1.670	4449.00	7430.00	24
114	MO	MANO DE OBRA	H/D	0.030	25000.00	625.00	24
115	GG	EQUIPOS Y HERRAMIENTAS	%	1.000	0.43	3.00	24
116	LS	leyes sociales	%	1.000	46.40	290.00	24
117	MAT	POLIESTIRENO EXPANDIDO 150MM	PL	2.000	2670.00	5340.00	25
118	MO	MANO DE OBRA	H/D	0.030	25000.00	625.00	25
119	GG	EQUIPOS Y HERRAMIENTAS	%	1.000	0.43	3.00	25
120	LS	leyes sociales	%	1.000	46.40	290.00	25
\.


--
-- TOC entry 3659 (class 0 OID 16490)
-- Dependencies: 235
-- Data for Name: region; Type: TABLE DATA; Schema: public; Owner: postgres
--

COPY public.region (id, nombre) FROM stdin;
1	Región de Arica y Parinacota
2	Región de Tarapacá
3	Región de Antofagasta
4	Región de Atacama
5	Región de Coquimbo
6	Región de Valparaíso
7	Región Metropolitana de Santiago
8	Región del Libertador General Bernardo O’Higgins
9	Región del Maule
10	Región de Ñuble
11	Región del Biobío
12	Región de La Araucanía
13	Región de Los Ríos
14	Región de Los Lagos
15	Región de Aysén del General Carlos Ibáñez del Campo
16	Región de Magallanes y de la Antártica Chilena
\.


--
-- TOC entry 3650 (class 0 OID 16447)
-- Dependencies: 226
-- Data for Name: tabla_valores; Type: TABLE DATA; Schema: public; Owner: postgres
--

COPY public.tabla_valores (id, elemento, e_m, rho_kgm3, lambda_wmk) FROM stdin;
1	Fibrocemento	0.010	920.0	0.220
2	Yeso Cartón	0.010	650.0	0.240
3	Madera	0.070	410.0	0.104
4	Madera	0.150	410.0	0.104
5	Hormigón	0.200	2400.0	1.630
6	Hormigón	0.150	2400.0	1.630
7	Metalcón	0.070	2700.0	210.000
8	Metalcón	0.150	2700.0	210.000
9	Ladrillo	0.140	1800.0	0.790
10	Hcelular	0.200	600.0	0.340
11	Lana Mineral	0.050	40.0	0.042
12	Lana Mineral	0.070	40.0	0.042
13	Lana Mineral	0.080	40.0	0.042
14	Lana Mineral	0.100	40.0	0.042
15	Lana Mineral	0.130	40.0	0.042
16	Lana Mineral	0.150	40.0	0.042
17	Ra (entre opac)	0.020	\N	\N
18	Ra (entre opac)	0.015	\N	\N
19	PE	0.010	15.0	0.041
20	PE	0.020	15.0	0.041
21	PE	0.030	15.0	0.041
22	PE	0.050	15.0	0.041
23	PE	0.070	15.0	0.041
24	PE	0.100	15.0	0.041
25	PE	0.130	15.0	0.041
26	PE	0.150	15.0	0.041
27	Fibra poliester	0.055	7.9	0.068
28	Fibra poliester	0.110	7.9	0.068
29	Fibra poliester	0.150	7.9	0.068
30	PUR inyectado	0.020	20.0	0.035
31	PUR inyectado	0.030	20.0	0.035
32	PUR inyectado	0.050	20.0	0.035
33	Mortero de cemento	0.030	2000.0	1.400
\.


--
-- TOC entry 3643 (class 0 OID 16416)
-- Dependencies: 219
-- Data for Name: techo; Type: TABLE DATA; Schema: public; Owner: postgres
--

COPY public.techo (id, elemento, valor, porcentaje) FROM stdin;
1	Estructura de madera	1.529	10.00
2	Estructura metálica	0.088	10.00
3	Losa 15cm	0.092	0.00
\.


--
-- TOC entry 3675 (class 0 OID 16688)
-- Dependencies: 251
-- Data for Name: techo_solucion; Type: TABLE DATA; Schema: public; Owner: postgres
--

COPY public.techo_solucion (id, id_aislante_techo, r_solucion, id_precio_unitario, solucion) FROM stdin;
1	1	1.19	14	Lana mineral o Poliestireno 50mm
2	1	1.43	17	Poliuretano inyectado 50mm
3	1	1.67	16	Lana mineral o Poliestireno 70 mm
4	1	2.38	21	Lana mineral o Poliestireno 100 mm
5	1	3.57	24	Lana mineral o Poliestireno 150 mm
6	2	1.19	14	Lana mineral o Poliestireno 50mm
7	2	1.62	18	Fibra de poliester 110 mm
8	2	1.67	16	Lana mineral o Poliestireno 70 mm
9	2	2.38	21	Lana mineral o Poliestireno 100 mm
10	2	0.57	12	Poliuretano inyectado 20mm
11	3	1.19	14	Lana mineral o Poliestireno 50mm
12	3	1.43	17	Poliuretano inyectado 50mm
13	3	1.67	16	Lana mineral o Poliestireno 70 mm
14	3	1.90	19	Lana mineral o Poliestireno 80 mm
15	3	0.57	12	Poliuretano inyectado 20mm
16	4	1.19	14	Lana mineral o Poliestireno 50mm
17	4	1.43	17	Poliuretano inyectado 50mm
18	4	1.62	18	Fibra de poliester 110 mm
19	4	0.49	11	Poliestireno expandido 20 mm
20	4	0.57	12	Poliuretano inyectado 20mm
21	5	1.19	14	Lana mineral o Poliestireno 50mm
22	5	0.49	11	Poliestireno expandido 20 mm
23	5	0.57	12	Poliuretano inyectado 20mm
24	6	1.19	14	Lana mineral o Poliestireno 50mm
25	6	0.49	11	Poliestireno expandido 20 mm
26	6	0.57	12	Poliuretano inyectado 20mm
27	7	1.19	14	Lana mineral o Poliestireno 50mm
28	7	1.67	16	Lana mineral o Poliestireno 70 mm
29	7	1.62	18	Fibra de poliester 110 mm
30	7	2.38	21	Lana mineral o Poliestireno 100 mm
31	7	3.17	22	Lana mineral o Poliestireno 130 mm
32	8	1.19	14	Lana mineral o Poliestireno 50mm
33	8	1.67	16	Lana mineral o Poliestireno 70 mm
34	8	1.62	18	Fibra de poliester 110 mm
35	8	2.38	21	Lana mineral o Poliestireno 100 mm
36	8	0.57	12	Poliuretano inyectado 20mm
37	9	1.19	14	Lana mineral o Poliestireno 50mm
38	9	0.81	13	Fibra de poliester 55 mm
39	9	1.43	17	Poliuretano inyectado 50mm
40	9	0.57	12	Poliuretano inyectado 20mm
41	10	1.19	14	Lana mineral o Poliestireno 50mm
42	10	0.49	11	Poliestireno expandido 20 mm
43	10	0.57	12	Poliuretano inyectado 20mm
44	11	1.19	14	Lana mineral o Poliestireno 50mm
45	11	0.49	11	Poliestireno expandido 20 mm
46	11	0.57	12	Poliuretano inyectado 20mm
47	12	1.19	14	Lana mineral o Poliestireno 50mm
48	12	1.67	16	Lana mineral o Poliestireno 70 mm
49	12	1.62	18	Fibra de poliester 110 mm
50	12	2.38	21	Lana mineral o Poliestireno 100 mm
51	12	0.57	12	Poliuretano inyectado 20mm
52	13	1.19	14	Lana mineral o Poliestireno 50mm
53	13	1.67	16	Lana mineral o Poliestireno 70 mm
54	13	0.57	12	Poliuretano inyectado 20mm
55	14	1.19	14	Lana mineral o Poliestireno 50mm
56	14	0.57	12	Poliuretano inyectado 20mm
57	15	1.19	14	Lana mineral o Poliestireno 50mm
58	15	3.17	22	Lana mineral o Poliestireno 130 mm
59	15	1.62	18	Fibra de poliester 110 mm
60	15	2.38	21	Lana mineral o Poliestireno 100 mm
61	15	0.57	12	Poliuretano inyectado 20mm
62	16	1.19	14	Lana mineral o Poliestireno 50mm
63	16	3.17	22	Lana mineral o Poliestireno 130 mm
64	16	1.62	18	Fibra de poliester 110 mm
65	16	2.38	21	Lana mineral o Poliestireno 100 mm
66	16	0.57	12	Poliuretano inyectado 20mm
67	17	1.19	14	Lana mineral o Poliestireno 50mm
68	17	1.43	17	Poliuretano inyectado 50mm
69	17	1.67	16	Lana mineral o Poliestireno 70 mm
70	17	2.38	21	Lana mineral o Poliestireno 100 mm
71	17	3.57	24	Lana mineral o Poliestireno 150 mm
72	18	1.19	14	Lana mineral o Poliestireno 50mm
73	18	1.62	18	Fibra de poliester 110 mm
74	18	1.67	16	Lana mineral o Poliestireno 70 mm
75	18	2.38	21	Lana mineral o Poliestireno 100 mm
76	18	0.57	12	Poliuretano inyectado 20mm
77	19	1.19	14	Lana mineral o Poliestireno 50mm
78	19	1.43	17	Poliuretano inyectado 50mm
79	19	1.67	16	Lana mineral o Poliestireno 70 mm
80	19	1.90	19	Lana mineral o Poliestireno 80 mm
81	19	0.57	12	Poliuretano inyectado 20mm
82	20	1.19	14	Lana mineral o Poliestireno 50mm
83	20	1.43	17	Poliuretano inyectado 50mm
84	20	1.62	18	Fibra de poliester 110 mm
85	20	0.49	11	Poliestireno expandido 20 mm
86	20	0.57	12	Poliuretano inyectado 20mm
87	21	1.19	14	Lana mineral o Poliestireno 50mm
88	21	0.49	11	Poliestireno expandido 20 mm
89	21	0.57	12	Poliuretano inyectado 20mm
90	22	1.19	14	Lana mineral o Poliestireno 50mm
91	22	0.49	11	Poliestireno expandido 20 mm
92	22	0.57	12	Poliuretano inyectado 20mm
93	23	1.19	14	Lana mineral o Poliestireno 50mm
94	23	1.67	16	Lana mineral o Poliestireno 70 mm
95	23	1.62	18	Fibra de poliester 110 mm
96	23	2.38	21	Lana mineral o Poliestireno 100 mm
97	23	3.17	22	Lana mineral o Poliestireno 130 mm
98	24	1.19	14	Lana mineral o Poliestireno 50mm
99	24	1.67	16	Lana mineral o Poliestireno 70 mm
100	24	1.62	18	Fibra de poliester 110 mm
101	24	2.38	21	Lana mineral o Poliestireno 100 mm
102	24	0.57	12	Poliuretano inyectado 20mm
103	25	1.19	14	Lana mineral o Poliestireno 50mm
104	25	0.81	13	Fibra de poliester 55 mm
105	25	1.43	17	Poliuretano inyectado 50mm
106	25	0.57	12	Poliuretano inyectado 20mm
107	26	1.19	14	Lana mineral o Poliestireno 50mm
108	26	0.49	11	Poliestireno expandido 20 mm
109	26	0.57	12	Poliuretano inyectado 20mm
110	26	1.19	14	Lana mineral o Poliestireno 50mm
111	26	0.49	11	Poliestireno expandido 20 mm
112	26	0.57	12	Poliuretano inyectado 20mm
113	28	1.19	14	Lana mineral o Poliestireno 50mm
114	28	1.67	16	Lana mineral o Poliestireno 70 mm
115	28	1.62	18	Fibra de poliester 110 mm
116	28	2.38	21	Lana mineral o Poliestireno 100 mm
117	28	0.57	12	Poliuretano inyectado 20mm
118	29	1.19	14	Lana mineral o Poliestireno 50mm
119	29	1.67	16	Lana mineral o Poliestireno 70 mm
120	29	0.57	12	Poliuretano inyectado 20mm
121	30	1.19	14	Lana mineral o Poliestireno 50mm
122	30	0.57	12	Poliuretano inyectado 20mm
123	31	1.19	14	Lana mineral o Poliestireno 50mm
124	31	3.17	22	Lana mineral o Poliestireno 130 mm
125	31	1.62	18	Fibra de poliester 110 mm
126	31	2.38	21	Lana mineral o Poliestireno 100 mm
127	31	0.57	12	Poliuretano inyectado 20mm
128	32	1.19	14	Lana mineral o Poliestireno 50mm
129	32	3.17	22	Lana mineral o Poliestireno 130 mm
130	32	1.62	18	Fibra de poliester 110 mm
131	32	2.38	21	Lana mineral o Poliestireno 100 mm
132	32	0.57	12	Poliuretano inyectado 20mm
\.


--
-- TOC entry 3655 (class 0 OID 16476)
-- Dependencies: 231
-- Data for Name: usuario; Type: TABLE DATA; Schema: public; Owner: postgres
--

COPY public.usuario (id, correo, nombre_completo, "contraseña", tipo_usuario, fecha_registro) FROM stdin;
1	ejemplo@correo.com	Nombre Test	$2b$10$oze5fEYXifqkb50a6X.P8uUhSeJDK64ayZsxJ188L1n59rkCoi7Oa	usuario	2025-11-05
2	ejemplo2@correo.com	Nombre2 Test2	$2b$10$OZXCtaxap4Pap8xgVzXb4eTZmppqJ2cfPCykcPR8xatPVhZcp.3ru	usuario	2025-11-05
3	ejemplwqwro@correo.com	sdfsdfs	$2b$10$cQqQ/J1KDlA7JXCrbHEAiOQpoKMybwJcoduiBjTtvb2ljpVCuOPVC	usuario	2025-11-05
4	ejemplo123@correo.com	Nombre12 Test12	$2b$10$j26GMzfDJ4GzTU4KI5Cty.9RRlLlUjOrbXXaQONDSEk5An10TPCRq	usuario	2025-11-05
5	ejemplo5@correo.com	Nombre5 Test	$2b$10$//44X/AVUIY6srrcYvjvsuFKL1XHBc9ysEv3VziYPPRKK6Jmi96QO	usuario	2025-11-05
17	a@correo.com	Nombre1234 Test	$2b$10$MErLQxoWORi2tuQ1WtMABeUiS2Wn.4v.ySB0cruSNOfpF0n43viNu	usuario	2025-11-06
18	admin@kipus.cl	Administrador del Sistema	$2a$10$sYzxDu.VFcHWOIAhiJXnJOeS9wW7RSnBVWLrLlUI9ak827SXHzRYK	admin	2025-11-07
19	aa@correo.com	Nombre12345 Test	$2b$10$/FSa4gI8kz9ySZ.OU.VwXuVi0wrAxaeHXcsSvOtQB9q0PoVFku5TG	usuario	2025-11-07
20	aaa@correo.com	Nombreee Teste	$2b$10$FKUSy0DV..XQnjsar1DPKeI31Qe4eamhbPMteGUBPh7K5xzLrLDkK	usuario	2025-11-07
21	ejemplo7@correo.com	aaa	$2b$10$FQfeXNePn.jPoU6T9v6fkOHuAx/.7EAFTn09etNdlc0qjJF207rPu	usuario	2025-11-18
22	ejemplo8@correo.com	ddsdadas	$2b$10$9fqjkAhVCeisrLb0cKyBr.vuS6kCVXSfuhTcwJtNHBC4xovAOGhoK	usuario	2025-11-18
23	a1@correo.com	anjsanjsajk	$2b$10$Dz4gpxPPTEgWMbzGwHc6tu/ue/XxOYFexN3HG6KKQuKbw3Pn1xlhS	usuario	2025-11-18
24	ayline.07.01@gmail.com	Ayline Sanchez	$2b$10$.jBIisL6.yPSWl.bwFVnbeNdzUwZSngqaakMPhhYavqUE7lotWDNa	usuario	2025-11-18
25	jose230897@gmail.com	Jose Soto	$2b$10$D/NSU9TQZca3OsfFM.2a5uxvId24p5qkfzbjQtoinrKalu0GVTYKi	usuario	2025-11-19
\.


--
-- TOC entry 3665 (class 0 OID 16545)
-- Dependencies: 241
-- Data for Name: valoracion; Type: TABLE DATA; Schema: public; Owner: postgres
--

COPY public.valoracion (id, valor, id_usuario, fecha, feedback) FROM stdin;
1	4	5	2025-11-05	adsadasdsad
2	3	17	2025-11-06	asdsad
3	5	5	2025-11-07	jkhjhk
4	5	20	2025-11-07	asdsasfa
5	5	5	2025-11-18	good
6	3	21	2025-11-18	2132321323312
7	5	25	2025-11-19	sfdfdsfdvdsd
\.


--
-- TOC entry 3647 (class 0 OID 16438)
-- Dependencies: 223
-- Data for Name: ventana; Type: TABLE DATA; Schema: public; Owner: postgres
--

COPY public.ventana (id, elemento, valor) FROM stdin;
2	Ventana vidrio simple y marco PVC	5.35
4	Ventana doble vidrio y marco PVC	2.74
5	Ventana doble vidrio y marco Aluminio	3.11
6	Ventana termopanel con vidrio Low e	1.84
7	Ventana doble vidrio y marco Madera	2.77
3	Ventana vidrio simple y marco Aluminio	5.72
1	Ventana vidrio simple y marco Madera	5.38
\.


--
-- TOC entry 3678 (class 0 OID 16726)
-- Dependencies: 254
-- Data for Name: ventana_solucion; Type: TABLE DATA; Schema: public; Owner: postgres
--

COPY public.ventana_solucion (id, id_ventana, id_ventana_solucion, valor_ventana_solucion, precio_m2, uvidrio, umarco) FROM stdin;
1	1	7	2.77	130000	2.8	2.5
2	2	4	2.74	98000	2.8	2.2
3	3	4	2.74	98000	2.8	2.2
4	4	7	2.77	130000	2.8	2.0
5	5	7	2.77	130000	2.8	2.0
6	7	6	1.84	160000	1.8	2.0
\.


--
-- TOC entry 3657 (class 0 OID 16484)
-- Dependencies: 233
-- Data for Name: vivienda; Type: TABLE DATA; Schema: public; Owner: postgres
--

COPY public.vivienda (id_vivienda, id_usuario, region, superficie_1, superficie_2, cantidad_personas, comuna) FROM stdin;
1	1	Región del Maule	34.00	0.00	5	119
2	2	Región de Atacama	32.00	0.00	3	15
3	3	Región de Valparaíso	54.00	45.00	4	33
4	4	Región de Arica y Parinacota	32.00	20.00	4	1
16	17	Región de Arica y Parinacota	35.00	9.00	5	4
17	19	Región de Ñuble	34.00	29.00	5	138
18	20	Región del Biobío	36.00	20.00	5	151
5	5	Región de Magallanes y de la Antártica Chilena	43.00	20.00	5	225
20	22	Región de Magallanes y de la Antártica Chilena	324.00	320.00	23	223
21	23	Región de Tarapacá	21.00	0.00	21	6
19	21	Región de Tarapacá	50.00	30.00	1	8
22	24	Región del Maule	35.00	0.00	2	112
23	25	Región de La Araucanía	100.00	90.00	5	224
\.


--
-- TOC entry 3691 (class 0 OID 0)
-- Dependencies: 216
-- Name: Muros_id_seq; Type: SEQUENCE SET; Schema: public; Owner: postgres
--

SELECT pg_catalog.setval('public."Muros_id_seq"', 8, true);


--
-- TOC entry 3692 (class 0 OID 0)
-- Dependencies: 218
-- Name: aislante_muro_id_seq; Type: SEQUENCE SET; Schema: public; Owner: postgres
--

SELECT pg_catalog.setval('public.aislante_muro_id_seq', 22, true);


--
-- TOC entry 3693 (class 0 OID 0)
-- Dependencies: 222
-- Name: aislante_techo_id_seq; Type: SEQUENCE SET; Schema: public; Owner: postgres
--

SELECT pg_catalog.setval('public.aislante_techo_id_seq', 32, true);


--
-- TOC entry 3694 (class 0 OID 0)
-- Dependencies: 229
-- Name: artefacto_ahorro_precio_id_seq; Type: SEQUENCE SET; Schema: public; Owner: postgres
--

SELECT pg_catalog.setval('public.artefacto_ahorro_precio_id_seq', 8, true);


--
-- TOC entry 3695 (class 0 OID 0)
-- Dependencies: 228
-- Name: artefacto_id_seq; Type: SEQUENCE SET; Schema: public; Owner: postgres
--

SELECT pg_catalog.setval('public.artefacto_id_seq', 6, true);


--
-- TOC entry 3696 (class 0 OID 0)
-- Dependencies: 257
-- Name: codigos_recuperacion_id_seq; Type: SEQUENCE SET; Schema: public; Owner: postgres
--

SELECT pg_catalog.setval('public.codigos_recuperacion_id_seq', 9, true);


--
-- TOC entry 3697 (class 0 OID 0)
-- Dependencies: 247
-- Name: combustible_id_seq; Type: SEQUENCE SET; Schema: public; Owner: postgres
--

SELECT pg_catalog.setval('public.combustible_id_seq', 10, true);


--
-- TOC entry 3698 (class 0 OID 0)
-- Dependencies: 240
-- Name: comentario_id_seq; Type: SEQUENCE SET; Schema: public; Owner: postgres
--

SELECT pg_catalog.setval('public.comentario_id_seq', 10, true);


--
-- TOC entry 3699 (class 0 OID 0)
-- Dependencies: 237
-- Name: comuna_id_seq; Type: SEQUENCE SET; Schema: public; Owner: postgres
--

SELECT pg_catalog.setval('public.comuna_id_seq', 227, true);


--
-- TOC entry 3700 (class 0 OID 0)
-- Dependencies: 255
-- Name: evaluacion_calefaccion_id_seq; Type: SEQUENCE SET; Schema: public; Owner: postgres
--

SELECT pg_catalog.setval('public.evaluacion_calefaccion_id_seq', 10, true);


--
-- TOC entry 3701 (class 0 OID 0)
-- Dependencies: 250
-- Name: muro_solucion_id_seq; Type: SEQUENCE SET; Schema: public; Owner: postgres
--

SELECT pg_catalog.setval('public.muro_solucion_id_seq', 100, true);


--
-- TOC entry 3702 (class 0 OID 0)
-- Dependencies: 245
-- Name: precio_unitario_pm_id_seq; Type: SEQUENCE SET; Schema: public; Owner: postgres
--

SELECT pg_catalog.setval('public.precio_unitario_pm_id_seq', 120, true);


--
-- TOC entry 3703 (class 0 OID 0)
-- Dependencies: 236
-- Name: region_id_seq; Type: SEQUENCE SET; Schema: public; Owner: postgres
--

SELECT pg_catalog.setval('public.region_id_seq', 16, true);


--
-- TOC entry 3704 (class 0 OID 0)
-- Dependencies: 225
-- Name: tabla_valores_id_seq; Type: SEQUENCE SET; Schema: public; Owner: postgres
--

SELECT pg_catalog.setval('public.tabla_valores_id_seq', 33, true);


--
-- TOC entry 3705 (class 0 OID 0)
-- Dependencies: 220
-- Name: techo_id_seq; Type: SEQUENCE SET; Schema: public; Owner: postgres
--

SELECT pg_catalog.setval('public.techo_id_seq', 3, true);


--
-- TOC entry 3706 (class 0 OID 0)
-- Dependencies: 252
-- Name: techo_solucion_id_seq; Type: SEQUENCE SET; Schema: public; Owner: postgres
--

SELECT pg_catalog.setval('public.techo_solucion_id_seq', 132, true);


--
-- TOC entry 3707 (class 0 OID 0)
-- Dependencies: 232
-- Name: usuario_id_seq; Type: SEQUENCE SET; Schema: public; Owner: postgres
--

SELECT pg_catalog.setval('public.usuario_id_seq', 25, true);


--
-- TOC entry 3708 (class 0 OID 0)
-- Dependencies: 242
-- Name: valoracion_id_seq; Type: SEQUENCE SET; Schema: public; Owner: postgres
--

SELECT pg_catalog.setval('public.valoracion_id_seq', 7, true);


--
-- TOC entry 3709 (class 0 OID 0)
-- Dependencies: 224
-- Name: ventana_id_seq; Type: SEQUENCE SET; Schema: public; Owner: postgres
--

SELECT pg_catalog.setval('public.ventana_id_seq', 7, true);


--
-- TOC entry 3710 (class 0 OID 0)
-- Dependencies: 253
-- Name: ventana_solucion_id_seq; Type: SEQUENCE SET; Schema: public; Owner: postgres
--

SELECT pg_catalog.setval('public.ventana_solucion_id_seq', 6, true);


--
-- TOC entry 3711 (class 0 OID 0)
-- Dependencies: 234
-- Name: vivienda_id_vivienda_seq; Type: SEQUENCE SET; Schema: public; Owner: postgres
--

SELECT pg_catalog.setval('public.vivienda_id_vivienda_seq', 23, true);


--
-- TOC entry 3413 (class 2606 OID 16394)
-- Name: muros Muros_pkey; Type: CONSTRAINT; Schema: public; Owner: postgres
--

ALTER TABLE ONLY public.muros
    ADD CONSTRAINT "Muros_pkey" PRIMARY KEY (id);


--
-- TOC entry 3415 (class 2606 OID 16414)
-- Name: aislante_muro aislante_muro_pkey; Type: CONSTRAINT; Schema: public; Owner: postgres
--

ALTER TABLE ONLY public.aislante_muro
    ADD CONSTRAINT aislante_muro_pkey PRIMARY KEY (id);


--
-- TOC entry 3419 (class 2606 OID 16436)
-- Name: aislante_techo aislante_techo_pkey; Type: CONSTRAINT; Schema: public; Owner: postgres
--

ALTER TABLE ONLY public.aislante_techo
    ADD CONSTRAINT aislante_techo_pkey PRIMARY KEY (id);


--
-- TOC entry 3427 (class 2606 OID 16475)
-- Name: artefacto_ahorro_precio artefacto_ahorro_precio_pkey; Type: CONSTRAINT; Schema: public; Owner: postgres
--

ALTER TABLE ONLY public.artefacto_ahorro_precio
    ADD CONSTRAINT artefacto_ahorro_precio_pkey PRIMARY KEY (id);


--
-- TOC entry 3425 (class 2606 OID 16461)
-- Name: artefacto artefacto_pkey; Type: CONSTRAINT; Schema: public; Owner: postgres
--

ALTER TABLE ONLY public.artefacto
    ADD CONSTRAINT artefacto_pkey PRIMARY KEY (id);


--
-- TOC entry 3467 (class 2606 OID 16835)
-- Name: codigos_recuperacion codigos_recuperacion_pkey; Type: CONSTRAINT; Schema: public; Owner: postgres
--

ALTER TABLE ONLY public.codigos_recuperacion
    ADD CONSTRAINT codigos_recuperacion_pkey PRIMARY KEY (id);


--
-- TOC entry 3449 (class 2606 OID 16643)
-- Name: combustible combustible_pkey; Type: CONSTRAINT; Schema: public; Owner: postgres
--

ALTER TABLE ONLY public.combustible
    ADD CONSTRAINT combustible_pkey PRIMARY KEY (id);


--
-- TOC entry 3439 (class 2606 OID 16538)
-- Name: comentario comentario_pkey; Type: CONSTRAINT; Schema: public; Owner: postgres
--

ALTER TABLE ONLY public.comentario
    ADD CONSTRAINT comentario_pkey PRIMARY KEY (id);


--
-- TOC entry 3437 (class 2606 OID 16505)
-- Name: comuna comuna_pkey; Type: CONSTRAINT; Schema: public; Owner: postgres
--

ALTER TABLE ONLY public.comuna
    ADD CONSTRAINT comuna_pkey PRIMARY KEY (id);


--
-- TOC entry 3443 (class 2606 OID 16560)
-- Name: evaluacion_agua evaluacion_agua_pkey; Type: CONSTRAINT; Schema: public; Owner: postgres
--

ALTER TABLE ONLY public.evaluacion_agua
    ADD CONSTRAINT evaluacion_agua_pkey PRIMARY KEY (id);


--
-- TOC entry 3463 (class 2606 OID 16789)
-- Name: evaluacion_calefaccion evaluacion_calefaccion_pkey; Type: CONSTRAINT; Schema: public; Owner: postgres
--

ALTER TABLE ONLY public.evaluacion_calefaccion
    ADD CONSTRAINT evaluacion_calefaccion_pkey PRIMARY KEY (id);


--
-- TOC entry 3451 (class 2606 OID 16776)
-- Name: muro_solucion muro_solucion_id_unique; Type: CONSTRAINT; Schema: public; Owner: postgres
--

ALTER TABLE ONLY public.muro_solucion
    ADD CONSTRAINT muro_solucion_id_unique UNIQUE (id);


--
-- TOC entry 3453 (class 2606 OID 16674)
-- Name: muro_solucion muro_solucion_pkey; Type: CONSTRAINT; Schema: public; Owner: postgres
--

ALTER TABLE ONLY public.muro_solucion
    ADD CONSTRAINT muro_solucion_pkey PRIMARY KEY (id, id_aislante_muro, id_precio_unitario);


--
-- TOC entry 3445 (class 2606 OID 16618)
-- Name: precio_unitario precio_unitario_pkey; Type: CONSTRAINT; Schema: public; Owner: postgres
--

ALTER TABLE ONLY public.precio_unitario
    ADD CONSTRAINT precio_unitario_pkey PRIMARY KEY (id);


--
-- TOC entry 3447 (class 2606 OID 16626)
-- Name: precio_unitario_pm precio_unitario_pm_pkey; Type: CONSTRAINT; Schema: public; Owner: postgres
--

ALTER TABLE ONLY public.precio_unitario_pm
    ADD CONSTRAINT precio_unitario_pm_pkey PRIMARY KEY (id);


--
-- TOC entry 3433 (class 2606 OID 16519)
-- Name: region region_nombre_nombre1_key; Type: CONSTRAINT; Schema: public; Owner: postgres
--

ALTER TABLE ONLY public.region
    ADD CONSTRAINT region_nombre_nombre1_key UNIQUE (nombre) INCLUDE (nombre);


--
-- TOC entry 3435 (class 2606 OID 16496)
-- Name: region region_pkey; Type: CONSTRAINT; Schema: public; Owner: postgres
--

ALTER TABLE ONLY public.region
    ADD CONSTRAINT region_pkey PRIMARY KEY (id);


--
-- TOC entry 3423 (class 2606 OID 16454)
-- Name: tabla_valores tabla_valores_pkey; Type: CONSTRAINT; Schema: public; Owner: postgres
--

ALTER TABLE ONLY public.tabla_valores
    ADD CONSTRAINT tabla_valores_pkey PRIMARY KEY (id);


--
-- TOC entry 3417 (class 2606 OID 16422)
-- Name: techo techo_pkey; Type: CONSTRAINT; Schema: public; Owner: postgres
--

ALTER TABLE ONLY public.techo
    ADD CONSTRAINT techo_pkey PRIMARY KEY (id);


--
-- TOC entry 3455 (class 2606 OID 16778)
-- Name: techo_solucion techo_solucion_id_unique; Type: CONSTRAINT; Schema: public; Owner: postgres
--

ALTER TABLE ONLY public.techo_solucion
    ADD CONSTRAINT techo_solucion_id_unique UNIQUE (id);


--
-- TOC entry 3457 (class 2606 OID 16694)
-- Name: techo_solucion techo_solucion_pkey; Type: CONSTRAINT; Schema: public; Owner: postgres
--

ALTER TABLE ONLY public.techo_solucion
    ADD CONSTRAINT techo_solucion_pkey PRIMARY KEY (id, id_aislante_techo, id_precio_unitario);


--
-- TOC entry 3429 (class 2606 OID 16482)
-- Name: usuario usuario_pkey; Type: CONSTRAINT; Schema: public; Owner: postgres
--

ALTER TABLE ONLY public.usuario
    ADD CONSTRAINT usuario_pkey PRIMARY KEY (id);


--
-- TOC entry 3441 (class 2606 OID 16549)
-- Name: valoracion valoracion_pkey; Type: CONSTRAINT; Schema: public; Owner: postgres
--

ALTER TABLE ONLY public.valoracion
    ADD CONSTRAINT valoracion_pkey PRIMARY KEY (id);


--
-- TOC entry 3421 (class 2606 OID 16444)
-- Name: ventana ventana_pkey; Type: CONSTRAINT; Schema: public; Owner: postgres
--

ALTER TABLE ONLY public.ventana
    ADD CONSTRAINT ventana_pkey PRIMARY KEY (id);


--
-- TOC entry 3459 (class 2606 OID 16731)
-- Name: ventana_solucion ventana_solucion_pkey; Type: CONSTRAINT; Schema: public; Owner: postgres
--

ALTER TABLE ONLY public.ventana_solucion
    ADD CONSTRAINT ventana_solucion_pkey PRIMARY KEY (id);


--
-- TOC entry 3461 (class 2606 OID 16733)
-- Name: ventana_solucion ventana_solucion_unique; Type: CONSTRAINT; Schema: public; Owner: postgres
--

ALTER TABLE ONLY public.ventana_solucion
    ADD CONSTRAINT ventana_solucion_unique UNIQUE (id_ventana, id_ventana_solucion);


--
-- TOC entry 3431 (class 2606 OID 16512)
-- Name: vivienda vivienda_pkey; Type: CONSTRAINT; Schema: public; Owner: postgres
--

ALTER TABLE ONLY public.vivienda
    ADD CONSTRAINT vivienda_pkey PRIMARY KEY (id_vivienda);


--
-- TOC entry 3468 (class 1259 OID 16842)
-- Name: idx_codigos_recuperacion_expiracion; Type: INDEX; Schema: public; Owner: postgres
--

CREATE INDEX idx_codigos_recuperacion_expiracion ON public.codigos_recuperacion USING btree (fecha_expiracion);


--
-- TOC entry 3469 (class 1259 OID 16841)
-- Name: idx_codigos_recuperacion_usuario; Type: INDEX; Schema: public; Owner: postgres
--

CREATE INDEX idx_codigos_recuperacion_usuario ON public.codigos_recuperacion USING btree (id_usuario);


--
-- TOC entry 3464 (class 1259 OID 16821)
-- Name: idx_evaluacion_fecha; Type: INDEX; Schema: public; Owner: postgres
--

CREATE INDEX idx_evaluacion_fecha ON public.evaluacion_calefaccion USING btree (fecha_creacion);


--
-- TOC entry 3465 (class 1259 OID 16820)
-- Name: idx_evaluacion_usuario; Type: INDEX; Schema: public; Owner: postgres
--

CREATE INDEX idx_evaluacion_usuario ON public.evaluacion_calefaccion USING btree (id_usuario);


--
-- TOC entry 3495 (class 2620 OID 16634)
-- Name: precio_unitario_pm trigger_actualizar_precio_total; Type: TRIGGER; Schema: public; Owner: postgres
--

CREATE TRIGGER trigger_actualizar_precio_total AFTER INSERT OR DELETE OR UPDATE ON public.precio_unitario_pm FOR EACH ROW EXECUTE FUNCTION public.actualizar_precio_total();


--
-- TOC entry 3494 (class 2606 OID 16836)
-- Name: codigos_recuperacion codigos_recuperacion_id_usuario_fkey; Type: FK CONSTRAINT; Schema: public; Owner: postgres
--

ALTER TABLE ONLY public.codigos_recuperacion
    ADD CONSTRAINT codigos_recuperacion_id_usuario_fkey FOREIGN KEY (id_usuario) REFERENCES public.usuario(id) ON DELETE CASCADE;


--
-- TOC entry 3474 (class 2606 OID 16646)
-- Name: comentario comentario_id_usuario_fkey; Type: FK CONSTRAINT; Schema: public; Owner: postgres
--

ALTER TABLE ONLY public.comentario
    ADD CONSTRAINT comentario_id_usuario_fkey FOREIGN KEY (id_usuario) REFERENCES public.usuario(id);


--
-- TOC entry 3476 (class 2606 OID 16561)
-- Name: evaluacion_agua evaluacion_agua_id_usuario_fkey; Type: FK CONSTRAINT; Schema: public; Owner: postgres
--

ALTER TABLE ONLY public.evaluacion_agua
    ADD CONSTRAINT evaluacion_agua_id_usuario_fkey FOREIGN KEY (id_usuario) REFERENCES public.usuario(id);


--
-- TOC entry 3477 (class 2606 OID 16566)
-- Name: evaluacion_agua evaluacion_agua_medida_ducha_fkey; Type: FK CONSTRAINT; Schema: public; Owner: postgres
--

ALTER TABLE ONLY public.evaluacion_agua
    ADD CONSTRAINT evaluacion_agua_medida_ducha_fkey FOREIGN KEY (medida_ducha) REFERENCES public.artefacto_ahorro_precio(id);


--
-- TOC entry 3478 (class 2606 OID 16571)
-- Name: evaluacion_agua evaluacion_agua_medida_lavamanos_fkey; Type: FK CONSTRAINT; Schema: public; Owner: postgres
--

ALTER TABLE ONLY public.evaluacion_agua
    ADD CONSTRAINT evaluacion_agua_medida_lavamanos_fkey FOREIGN KEY (medida_lavamanos) REFERENCES public.artefacto_ahorro_precio(id);


--
-- TOC entry 3479 (class 2606 OID 16576)
-- Name: evaluacion_agua evaluacion_agua_medida_lavaplatos_fkey; Type: FK CONSTRAINT; Schema: public; Owner: postgres
--

ALTER TABLE ONLY public.evaluacion_agua
    ADD CONSTRAINT evaluacion_agua_medida_lavaplatos_fkey FOREIGN KEY (medida_lavaplatos) REFERENCES public.artefacto_ahorro_precio(id);


--
-- TOC entry 3480 (class 2606 OID 16581)
-- Name: evaluacion_agua evaluacion_agua_medida_wc_fkey; Type: FK CONSTRAINT; Schema: public; Owner: postgres
--

ALTER TABLE ONLY public.evaluacion_agua
    ADD CONSTRAINT evaluacion_agua_medida_wc_fkey FOREIGN KEY (medida_wc) REFERENCES public.artefacto_ahorro_precio(id);


--
-- TOC entry 3488 (class 2606 OID 16795)
-- Name: evaluacion_calefaccion evaluacion_calefaccion_id_combustible_fkey; Type: FK CONSTRAINT; Schema: public; Owner: postgres
--

ALTER TABLE ONLY public.evaluacion_calefaccion
    ADD CONSTRAINT evaluacion_calefaccion_id_combustible_fkey FOREIGN KEY (id_combustible) REFERENCES public.combustible(id);


--
-- TOC entry 3489 (class 2606 OID 16800)
-- Name: evaluacion_calefaccion evaluacion_calefaccion_id_solucion_muro1_fkey; Type: FK CONSTRAINT; Schema: public; Owner: postgres
--

ALTER TABLE ONLY public.evaluacion_calefaccion
    ADD CONSTRAINT evaluacion_calefaccion_id_solucion_muro1_fkey FOREIGN KEY (id_solucion_muro1) REFERENCES public.muro_solucion(id);


--
-- TOC entry 3490 (class 2606 OID 16805)
-- Name: evaluacion_calefaccion evaluacion_calefaccion_id_solucion_muro2_fkey; Type: FK CONSTRAINT; Schema: public; Owner: postgres
--

ALTER TABLE ONLY public.evaluacion_calefaccion
    ADD CONSTRAINT evaluacion_calefaccion_id_solucion_muro2_fkey FOREIGN KEY (id_solucion_muro2) REFERENCES public.muro_solucion(id);


--
-- TOC entry 3491 (class 2606 OID 16810)
-- Name: evaluacion_calefaccion evaluacion_calefaccion_id_solucion_techo_fkey; Type: FK CONSTRAINT; Schema: public; Owner: postgres
--

ALTER TABLE ONLY public.evaluacion_calefaccion
    ADD CONSTRAINT evaluacion_calefaccion_id_solucion_techo_fkey FOREIGN KEY (id_solucion_techo) REFERENCES public.techo_solucion(id);


--
-- TOC entry 3492 (class 2606 OID 16815)
-- Name: evaluacion_calefaccion evaluacion_calefaccion_id_solucion_ventana_fkey; Type: FK CONSTRAINT; Schema: public; Owner: postgres
--

ALTER TABLE ONLY public.evaluacion_calefaccion
    ADD CONSTRAINT evaluacion_calefaccion_id_solucion_ventana_fkey FOREIGN KEY (id_solucion_ventana) REFERENCES public.ventana_solucion(id);


--
-- TOC entry 3493 (class 2606 OID 16790)
-- Name: evaluacion_calefaccion evaluacion_calefaccion_id_usuario_fkey; Type: FK CONSTRAINT; Schema: public; Owner: postgres
--

ALTER TABLE ONLY public.evaluacion_calefaccion
    ADD CONSTRAINT evaluacion_calefaccion_id_usuario_fkey FOREIGN KEY (id_usuario) REFERENCES public.usuario(id) ON DELETE CASCADE;


--
-- TOC entry 3481 (class 2606 OID 16627)
-- Name: precio_unitario_pm fk_material; Type: FK CONSTRAINT; Schema: public; Owner: postgres
--

ALTER TABLE ONLY public.precio_unitario_pm
    ADD CONSTRAINT fk_material FOREIGN KEY (id_material) REFERENCES public.precio_unitario(id) ON UPDATE CASCADE ON DELETE CASCADE;


--
-- TOC entry 3473 (class 2606 OID 16506)
-- Name: comuna fk_region; Type: FK CONSTRAINT; Schema: public; Owner: postgres
--

ALTER TABLE ONLY public.comuna
    ADD CONSTRAINT fk_region FOREIGN KEY (id_region) REFERENCES public.region(id) ON UPDATE CASCADE ON DELETE RESTRICT;


--
-- TOC entry 3482 (class 2606 OID 16675)
-- Name: muro_solucion id_aislante_muro_fkey; Type: FK CONSTRAINT; Schema: public; Owner: postgres
--

ALTER TABLE ONLY public.muro_solucion
    ADD CONSTRAINT id_aislante_muro_fkey FOREIGN KEY (id_aislante_muro) REFERENCES public.aislante_muro(id);


--
-- TOC entry 3484 (class 2606 OID 16695)
-- Name: techo_solucion id_aislante_techo_fkey; Type: FK CONSTRAINT; Schema: public; Owner: postgres
--

ALTER TABLE ONLY public.techo_solucion
    ADD CONSTRAINT id_aislante_techo_fkey FOREIGN KEY (id_aislante_techo) REFERENCES public.aislante_techo(id);


--
-- TOC entry 3483 (class 2606 OID 16680)
-- Name: muro_solucion id_precio_unitario_fkey; Type: FK CONSTRAINT; Schema: public; Owner: postgres
--

ALTER TABLE ONLY public.muro_solucion
    ADD CONSTRAINT id_precio_unitario_fkey FOREIGN KEY (id_precio_unitario) REFERENCES public.precio_unitario(id);


--
-- TOC entry 3485 (class 2606 OID 16700)
-- Name: techo_solucion id_precio_unitario_fkey; Type: FK CONSTRAINT; Schema: public; Owner: postgres
--

ALTER TABLE ONLY public.techo_solucion
    ADD CONSTRAINT id_precio_unitario_fkey FOREIGN KEY (id_precio_unitario) REFERENCES public.precio_unitario(id);


--
-- TOC entry 3470 (class 2606 OID 16513)
-- Name: vivienda id_usuario_fkey; Type: FK CONSTRAINT; Schema: public; Owner: postgres
--

ALTER TABLE ONLY public.vivienda
    ADD CONSTRAINT id_usuario_fkey FOREIGN KEY (id_usuario) REFERENCES public.usuario(id) NOT VALID;


--
-- TOC entry 3486 (class 2606 OID 16734)
-- Name: ventana_solucion id_ventana_fkey; Type: FK CONSTRAINT; Schema: public; Owner: postgres
--

ALTER TABLE ONLY public.ventana_solucion
    ADD CONSTRAINT id_ventana_fkey FOREIGN KEY (id_ventana) REFERENCES public.ventana(id);


--
-- TOC entry 3487 (class 2606 OID 16739)
-- Name: ventana_solucion id_ventana_solucion_fkey; Type: FK CONSTRAINT; Schema: public; Owner: postgres
--

ALTER TABLE ONLY public.ventana_solucion
    ADD CONSTRAINT id_ventana_solucion_fkey FOREIGN KEY (id_ventana_solucion) REFERENCES public.ventana(id);


--
-- TOC entry 3475 (class 2606 OID 16551)
-- Name: valoracion valoracion_id_usuario_fkey; Type: FK CONSTRAINT; Schema: public; Owner: postgres
--

ALTER TABLE ONLY public.valoracion
    ADD CONSTRAINT valoracion_id_usuario_fkey FOREIGN KEY (id_usuario) REFERENCES public.usuario(id) NOT VALID;


--
-- TOC entry 3471 (class 2606 OID 16527)
-- Name: vivienda vivienda_comuna_fkey; Type: FK CONSTRAINT; Schema: public; Owner: postgres
--

ALTER TABLE ONLY public.vivienda
    ADD CONSTRAINT vivienda_comuna_fkey FOREIGN KEY (comuna) REFERENCES public.comuna(id) NOT VALID;


--
-- TOC entry 3472 (class 2606 OID 16522)
-- Name: vivienda vivienda_region_fkey; Type: FK CONSTRAINT; Schema: public; Owner: postgres
--

ALTER TABLE ONLY public.vivienda
    ADD CONSTRAINT vivienda_region_fkey FOREIGN KEY (region) REFERENCES public.region(nombre) NOT VALID;


-- Completed on 2025-11-19 07:02:56 -03

--
-- PostgreSQL database dump complete
--

\unrestrict BbkUv0AiufAzxY0df0kpNfQhCxsrGBYILmpcgNaCz7ObIhaW0mHkHxpoSLWRcht

